experiment_id,eval_type,source_domain,target_domain,feature_profile,model,n_train,n_val,n_test,roc_auc,pr_auc,accuracy,precision,recall,macro_f1,attack_f1,benign_f1,fpr,fnr,fp_per_1000,tn,fp,fn,tp,threshold
cross_ToN-IoT_to_Edge-IIoTset_baseline_common_LogisticRegression,CROSS_DOMAIN,ToN-IoT,Edge-IIoTset,baseline_common,LogisticRegression,4200,1400,1400,0.45146250000000004,0.7293745215552723,0.7142857142857143,0.7142857142857143,1.0,0.4166666666666667,0.8333333333333334,0.0,1.0,0.0,1000.0,0,400,0,1000,0.060000000000000005
cross_ToN-IoT_to_Edge-IIoTset_baseline_common_RandomForest,CROSS_DOMAIN,ToN-IoT,Edge-IIoTset,baseline_common,RandomForest,4200,1400,1400,0.37906625,0.5593489405331511,0.3314285714285714,0.5765550239234449,0.241,0.3313180342056544,0.33991537376586745,0.3227206946454414,0.4425,0.759,442.5,223,177,759,241,0.01
cross_ToN-IoT_to_Edge-IIoTset_instant_only_LogisticRegression,CROSS_DOMAIN,ToN-IoT,Edge-IIoTset,instant_only,LogisticRegression,4200,1400,1400,0.41844750000000003,0.7008541145779508,0.7142857142857143,0.7142857142857143,1.0,0.4166666666666667,0.8333333333333334,0.0,1.0,0.0,1000.0,0,400,0,1000,0.16
cross_ToN-IoT_to_Edge-IIoTset_instant_only_RandomForest,CROSS_DOMAIN,ToN-IoT,Edge-IIoTset,instant_only,RandomForest,4200,1400,1400,0.43309375,0.6383986431333217,0.7142857142857143,0.7142857142857143,1.0,0.4166666666666667,0.8333333333333334,0.0,1.0,0.0,1000.0,0,400,0,1000,0.01
cross_ToN-IoT_to_Edge-IIoTset_instant_temporal_LogisticRegression,CROSS_DOMAIN,ToN-IoT,Edge-IIoTset,instant_temporal,LogisticRegression,4200,1400,1400,0.404355,0.6526604808007441,0.28714285714285714,0.75,0.003,0.22514840415620369,0.00597609561752988,0.4443207126948775,0.0025,0.997,2.5,399,1,997,3,0.32
cross_ToN-IoT_to_Edge-IIoTset_instant_temporal_RandomForest,CROSS_DOMAIN,ToN-IoT,Edge-IIoTset,instant_temporal,RandomForest,4200,1400,1400,0.3999825,0.631347861957963,0.7142857142857143,0.7142857142857143,1.0,0.4166666666666667,0.8333333333333334,0.0,1.0,0.0,1000.0,0,400,0,1000,0.09999999999999999
cross_ToN-IoT_to_Edge-IIoTset_instant_behavioral_LogisticRegression,CROSS_DOMAIN,ToN-IoT,Edge-IIoTset,instant_behavioral,LogisticRegression,4200,1400,1400,0.7474999999999999,0.898947602514951,0.7142857142857143,0.9054054054054054,0.67,0.6963782259813489,0.7701149425287356,0.6226415094339622,0.175,0.33,175.0,330,70,330,670,0.5
cross_ToN-IoT_to_Edge-IIoTset_instant_behavioral_RandomForest,CROSS_DOMAIN,ToN-IoT,Edge-IIoTset,instant_behavioral,RandomForest,4200,1400,1400,0.27513499999999996,0.5769639013715105,0.7142857142857143,0.7142857142857143,1.0,0.4166666666666667,0.8333333333333334,0.0,1.0,0.0,1000.0,0,400,0,1000,0.04
cross_ToN-IoT_to_Edge-IIoTset_full_multilevel_LogisticRegression,CROSS_DOMAIN,ToN-IoT,Edge-IIoTset,full_multilevel,LogisticRegression,4200,1400,1400,0.7474999999999999,0.898947602514951,0.7142857142857143,0.9054054054054054,0.67,0.6963782259813489,0.7701149425287356,0.6226415094339622,0.175,0.33,175.0,330,70,330,670,0.5
cross_ToN-IoT_to_Edge-IIoTset_full_multilevel_RandomForest,CROSS_DOMAIN,ToN-IoT,Edge-IIoTset,full_multilevel,RandomForest,4200,1400,1400,0.26615875,0.5762555304439233,0.7142857142857143,0.7142857142857143,1.0,0.4166666666666667,0.8333333333333334,0.0,1.0,0.0,1000.0,0,400,0,1000,0.13
cross_ToN-IoT_to_NF-ToN-IoT-v2_baseline_common_LogisticRegression,CROSS_DOMAIN,ToN-IoT,NF-ToN-IoT-v2,baseline_common,LogisticRegression,4200,1400,1400,0.7802325,0.718058302419611,0.7142857142857143,0.7142857142857143,1.0,0.4166666666666667,0.8333333333333334,0.0,1.0,0.0,1000.0,0,400,0,1000,0.060000000000000005
cross_ToN-IoT_to_NF-ToN-IoT-v2_baseline_common_RandomForest,CROSS_DOMAIN,ToN-IoT,NF-ToN-IoT-v2,baseline_common,RandomForest,4200,1400,1400,0.51196,0.8597586206896553,0.72,0.7183908045977011,1.0,0.4376680438061512,0.8361204013377926,0.0392156862745098,0.98,0.0,980.0,8,392,0,1000,0.01
cross_ToN-IoT_to_NF-ToN-IoT-v2_instant_only_LogisticRegression,CROSS_DOMAIN,ToN-IoT,NF-ToN-IoT-v2,instant_only,LogisticRegression,4200,1400,1400,0.88527,0.7311784919568314,0.7142857142857143,0.7142857142857143,1.0,0.4166666666666667,0.8333333333333334,0.0,1.0,0.0,1000.0,0,400,0,1000,0.16
cross_ToN-IoT_to_NF-ToN-IoT-v2_instant_only_RandomForest,CROSS_DOMAIN,ToN-IoT,NF-ToN-IoT-v2,instant_only,RandomForest,4200,1400,1400,0.4546775,0.6608390702155771,0.7142857142857143,0.7142857142857143,1.0,0.4166666666666667,0.8333333333333334,0.0,1.0,0.0,1000.0,0,400,0,1000,0.01
cross_ToN-IoT_to_NF-ToN-IoT-v2_instant_temporal_LogisticRegression,CROSS_DOMAIN,ToN-IoT,NF-ToN-IoT-v2,instant_temporal,LogisticRegression,4200,1400,1400,0.54089375,0.8150672646900243,0.4392857142857143,0.6416337285902504,0.487,0.39982054688963414,0.5537237066515065,0.24591738712776176,0.68,0.513,680.0,128,272,513,487,0.32
cross_ToN-IoT_to_NF-ToN-IoT-v2_instant_temporal_RandomForest,CROSS_DOMAIN,ToN-IoT,NF-ToN-IoT-v2,instant_temporal,RandomForest,4200,1400,1400,0.40395375,0.6243773286277772,0.7142857142857143,0.7142857142857143,1.0,0.4166666666666667,0.8333333333333334,0.0,1.0,0.0,1000.0,0,400,0,1000,0.09999999999999999
cross_ToN-IoT_to_NF-ToN-IoT-v2_instant_behavioral_LogisticRegression,CROSS_DOMAIN,ToN-IoT,NF-ToN-IoT-v2,instant_behavioral,LogisticRegression,4200,1400,1400,0.5530662500000001,0.7114892208055299,0.2857142857142857,0.0,0.0,0.2222222222222222,0.0,0.4444444444444444,0.0,1.0,0.0,400,0,1000,0,0.5
cross_ToN-IoT_to_NF-ToN-IoT-v2_instant_behavioral_RandomForest,CROSS_DOMAIN,ToN-IoT,NF-ToN-IoT-v2,instant_behavioral,RandomForest,4200,1400,1400,0.4205975,0.6147048847852064,0.7142857142857143,0.7142857142857143,1.0,0.4166666666666667,0.8333333333333334,0.0,1.0,0.0,1000.0,0,400,0,1000,0.04
cross_ToN-IoT_to_NF-ToN-IoT-v2_full_multilevel_LogisticRegression,CROSS_DOMAIN,ToN-IoT,NF-ToN-IoT-v2,full_multilevel,LogisticRegression,4200,1400,1400,0.5530662500000001,0.7114892208055299,0.2857142857142857,0.0,0.0,0.2222222222222222,0.0,0.4444444444444444,0.0,1.0,0.0,400,0,1000,0,0.5
cross_ToN-IoT_to_NF-ToN-IoT-v2_full_multilevel_RandomForest,CROSS_DOMAIN,ToN-IoT,NF-ToN-IoT-v2,full_multilevel,RandomForest,4200,1400,1400,0.3186175,0.6187241278156913,0.7142857142857143,0.7142857142857143,1.0,0.4166666666666667,0.8333333333333334,0.0,1.0,0.0,1000.0,0,400,0,1000,0.13
cross_ToN-IoT_to_CICIoT2023_baseline_common_LogisticRegression,CROSS_DOMAIN,ToN-IoT,CICIoT2023,baseline_common,LogisticRegression,4200,1400,1400,0.670975,0.8627165613923046,0.6285714285714286,0.687793427230047,0.879,0.38778050249092605,0.771729587357331,0.0038314176245210726,0.9975,0.121,997.5,1,399,121,879,0.060000000000000005
cross_ToN-IoT_to_CICIoT2023_baseline_common_RandomForest,CROSS_DOMAIN,ToN-IoT,CICIoT2023,baseline_common,RandomForest,4200,1400,1400,0.43088625,0.6707401928265961,0.6928571428571428,0.708029197080292,0.97,0.4092827004219409,0.8185654008438819,0.0,1.0,0.03,1000.0,0,400,30,970,0.01
cross_ToN-IoT_to_CICIoT2023_instant_only_LogisticRegression,CROSS_DOMAIN,ToN-IoT,CICIoT2023,instant_only,LogisticRegression,4200,1400,1400,0.7560499999999999,0.9080036682094077,0.6771428571428572,0.7298657718120806,0.87,0.5251872839031886,0.7937956204379562,0.2565789473684211,0.805,0.13,805.0,78,322,130,870,0.16
cross_ToN-IoT_to_CICIoT2023_instant_only_RandomForest,CROSS_DOMAIN,ToN-IoT,CICIoT2023,instant_only,RandomForest,4200,1400,1400,0.4482400000000001,0.6569944281736607,0.7057142857142857,0.7118155619596542,0.988,0.4137353433835846,0.8274706867671692,0.0,1.0,0.012,1000.0,0,400,12,988,0.01
cross_ToN-IoT_to_CICIoT2023_instant_temporal_LogisticRegression,CROSS_DOMAIN,ToN-IoT,CICIoT2023,instant_temporal,LogisticRegression,4200,1400,1400,0.7271325,0.8780181638503999,0.6507142857142857,0.8819133034379671,0.59,0.6373247215171969,0.7070101857399641,0.5676392572944297,0.1975,0.41,197.5,321,79,410,590,0.32
cross_ToN-IoT_to_CICIoT2023_instant_temporal_RandomForest,CROSS_DOMAIN,ToN-IoT,CICIoT2023,instant_temporal,RandomForest,4200,1400,1400,0.351865,0.630155240639111,0.68,0.7041420118343196,0.952,0.40476190476190477,0.8095238095238095,0.0,1.0,0.048,1000.0,0,400,48,952,0.09999999999999999
cross_ToN-IoT_to_CICIoT2023_instant_behavioral_LogisticRegression,CROSS_DOMAIN,ToN-IoT,CICIoT2023,instant_behavioral,LogisticRegression,4200,1400,1400,0.011890000000000005,0.4617569786535303,0.2857142857142857,0.0,0.0,0.2222222222222222,0.0,0.4444444444444444,0.0,1.0,0.0,400,0,1000,0,0.5
cross_ToN-IoT_to_CICIoT2023_instant_behavioral_RandomForest,CROSS_DOMAIN,ToN-IoT,CICIoT2023,instant_behavioral,RandomForest,4200,1400,1400,0.35493625,0.6046007598528297,0.7064285714285714,0.7123287671232876,0.988,0.4163299794792414,0.8278173439463762,0.004842615012106538,0.9975,0.012,997.5,1,399,12,988,0.04
cross_ToN-IoT_to_CICIoT2023_full_multilevel_LogisticRegression,CROSS_DOMAIN,ToN-IoT,CICIoT2023,full_multilevel,LogisticRegression,4200,1400,1400,0.011890000000000005,0.4617569786535303,0.2857142857142857,0.0,0.0,0.2222222222222222,0.0,0.4444444444444444,0.0,1.0,0.0,400,0,1000,0,0.5
cross_ToN-IoT_to_CICIoT2023_full_multilevel_RandomForest,CROSS_DOMAIN,ToN-IoT,CICIoT2023,full_multilevel,RandomForest,4200,1400,1400,0.28665375000000004,0.5927369884985887,0.56,0.6621621621621622,0.784,0.358974358974359,0.717948717948718,0.0,1.0,0.216,1000.0,0,400,216,784,0.13
cross_Edge-IIoTset_to_ToN-IoT_baseline_common_LogisticRegression,CROSS_DOMAIN,Edge-IIoTset,ToN-IoT,baseline_common,LogisticRegression,4200,1400,1400,0.605,0.6852822774963908,0.7142857142857143,0.7142857142857143,1.0,0.4166666666666667,0.8333333333333334,0.0,1.0,0.0,1000.0,0,400,0,1000,0.67
cross_Edge-IIoTset_to_ToN-IoT_baseline_common_RandomForest,CROSS_DOMAIN,Edge-IIoTset,ToN-IoT,baseline_common,RandomForest,4200,1400,1400,0.31152,0.4108188043100452,0.7142857142857143,0.7142857142857143,1.0,0.4166666666666667,0.8333333333333334,0.0,1.0,0.0,1000.0,0,400,0,1000,0.47000000000000003
cross_Edge-IIoTset_to_ToN-IoT_instant_only_LogisticRegression,CROSS_DOMAIN,Edge-IIoTset,ToN-IoT,instant_only,LogisticRegression,4200,1400,1400,0.605,0.6852705791087732,0.8871428571428571,0.8635578583765112,1.0,0.8403390701555322,0.9267840593141798,0.7538940809968847,0.395,0.0,395.0,242,158,0,1000,0.41000000000000003
cross_Edge-IIoTset_to_ToN-IoT_instant_only_RandomForest,CROSS_DOMAIN,Edge-IIoTset,ToN-IoT,instant_only,RandomForest,4200,1400,1400,0.14353,0.4996784620593939,0.7142857142857143,0.7142857142857143,1.0,0.4166666666666667,0.8333333333333334,0.0,1.0,0.0,1000.0,0,400,0,1000,0.37
cross_Edge-IIoTset_to_ToN-IoT_instant_temporal_LogisticRegression,CROSS_DOMAIN,Edge-IIoTset,ToN-IoT,instant_temporal,LogisticRegression,4200,1400,1400,0.0863,0.5175979984930053,0.6264285714285714,0.6962962962962963,0.846,0.434932762246532,0.763882618510158,0.10598290598290598,0.9225,0.154,922.5,31,369,154,846,0.5800000000000001
cross_Edge-IIoTset_to_ToN-IoT_instant_temporal_RandomForest,CROSS_DOMAIN,Edge-IIoTset,ToN-IoT,instant_temporal,RandomForest,4200,1400,1400,0.09950250000000001,0.4973340701123318,0.7157142857142857,0.7153075822603719,1.0,0.42198930286017783,0.8340283569641368,0.009950248756218905,0.995,0.0,995.0,2,398,0,1000,0.29000000000000004
cross_Edge-IIoTset_to_ToN-IoT_instant_behavioral_LogisticRegression,CROSS_DOMAIN,Edge-IIoTset,ToN-IoT,instant_behavioral,LogisticRegression,4200,1400,1400,0.1570975,0.5353987574337159,0.07357142857142857,0.0,0.0,0.06852960745176315,0.0,0.1370592149035263,0.7425,1.0,742.5,103,297,1000,0,0.12
cross_Edge-IIoTset_to_ToN-IoT_instant_behavioral_RandomForest,CROSS_DOMAIN,Edge-IIoTset,ToN-IoT,instant_behavioral,RandomForest,4200,1400,1400,0.287195,0.4929796620601904,0.7871428571428571,0.7712519319938176,0.998,0.6405815480149281,0.8700959023539668,0.41106719367588934,0.74,0.002,740.0,104,296,2,998,0.54
cross_Edge-IIoTset_to_ToN-IoT_full_multilevel_LogisticRegression,CROSS_DOMAIN,Edge-IIoTset,ToN-IoT,full_multilevel,LogisticRegression,4200,1400,1400,0.023717499999999992,0.5039935402920072,0.012857142857142857,0.012755102040816327,0.005,0.012824908568443052,0.007183908045977011,0.018465909090909092,0.9675,0.995,967.5,13,387,995,5,0.02
cross_Edge-IIoTset_to_ToN-IoT_full_multilevel_RandomForest,CROSS_DOMAIN,Edge-IIoTset,ToN-IoT,full_multilevel,RandomForest,4200,1400,1400,0.2828125,0.5499304374301391,0.72,0.7183908045977011,1.0,0.4376680438061512,0.8361204013377926,0.0392156862745098,0.98,0.0,980.0,8,392,0,1000,0.47000000000000003
cross_Edge-IIoTset_to_NF-ToN-IoT-v2_baseline_common_LogisticRegression,CROSS_DOMAIN,Edge-IIoTset,NF-ToN-IoT-v2,baseline_common,LogisticRegression,4200,1400,1400,0.2197675,0.4204930166260536,0.28285714285714286,0.3333333333333333,0.004,0.2231919427717502,0.007905138339920948,0.43847874720357943,0.02,0.996,20.0,392,8,996,4,0.67
cross_Edge-IIoTset_to_NF-ToN-IoT-v2_baseline_common_RandomForest,CROSS_DOMAIN,Edge-IIoTset,NF-ToN-IoT-v2,baseline_common,RandomForest,4200,1400,1400,0.9468862499999999,0.6828956402521786,0.9021428571428571,0.9757442116868799,0.885,0.8873719795813269,0.9281594126900892,0.8465845464725644,0.055,0.115,55.0,378,22,115,885,0.47000000000000003
cross_Edge-IIoTset_to_NF-ToN-IoT-v2_instant_only_LogisticRegression,CROSS_DOMAIN,Edge-IIoTset,NF-ToN-IoT-v2,instant_only,LogisticRegression,4200,1400,1400,0.76589,0.7154923062323486,0.7142857142857143,0.7142857142857143,1.0,0.4166666666666667,0.8333333333333334,0.0,1.0,0.0,1000.0,0,400,0,1000,0.41000000000000003
cross_Edge-IIoTset_to_NF-ToN-IoT-v2_instant_only_RandomForest,CROSS_DOMAIN,Edge-IIoTset,NF-ToN-IoT-v2,instant_only,RandomForest,4200,1400,1400,0.9468599999999999,0.6809432592997977,0.2792857142857143,0.32,0.008,0.22357952593610445,0.015609756097560976,0.4315492957746479,0.0425,0.992,42.5,383,17,992,8,0.37
cross_Edge-IIoTset_to_NF-ToN-IoT-v2_instant_temporal_LogisticRegression,CROSS_DOMAIN,Edge-IIoTset,NF-ToN-IoT-v2,instant_temporal,LogisticRegression,4200,1400,1400,0.5558862499999999,0.7441175624936268,0.7142857142857143,0.7142857142857143,1.0,0.4166666666666667,0.8333333333333334,0.0,1.0,0.0,1000.0,0,400,0,1000,0.5800000000000001
cross_Edge-IIoTset_to_NF-ToN-IoT-v2_instant_temporal_RandomForest,CROSS_DOMAIN,Edge-IIoTset,NF-ToN-IoT-v2,instant_temporal,RandomForest,4200,1400,1400,0.6312475000000001,0.7008057289756762,0.5771428571428572,0.7361111111111112,0.636,0.5249624004988812,0.6824034334763949,0.36752136752136755,0.57,0.364,570.0,172,228,364,636,0.29000000000000004
cross_Edge-IIoTset_to_NF-ToN-IoT-v2_instant_behavioral_LogisticRegression,CROSS_DOMAIN,Edge-IIoTset,NF-ToN-IoT-v2,instant_behavioral,LogisticRegression,4200,1400,1400,0.41501125,0.6112276912315736,0.25357142857142856,0.4103585657370518,0.103,0.24501973630908055,0.16466826538768986,0.32537120723047125,0.37,0.897,370.0,252,148,897,103,0.12
cross_Edge-IIoTset_to_NF-ToN-IoT-v2_instant_behavioral_RandomForest,CROSS_DOMAIN,Edge-IIoTset,NF-ToN-IoT-v2,instant_behavioral,RandomForest,4200,1400,1400,0.6403425,0.7152345977074316,0.5264285714285715,0.7526236881559221,0.502,0.5085537173236139,0.6022795440911818,0.4148278905560459,0.4125,0.498,412.5,235,165,498,502,0.54
cross_Edge-IIoTset_to_NF-ToN-IoT-v2_full_multilevel_LogisticRegression,CROSS_DOMAIN,Edge-IIoTset,NF-ToN-IoT-v2,full_multilevel,LogisticRegression,4200,1400,1400,0.49847875,0.6644542723233002,0.7178571428571429,0.7328714395688991,0.952,0.5198815071032359,0.8281861678990866,0.21157684630738524,0.8675,0.048,867.5,53,347,48,952,0.02
cross_Edge-IIoTset_to_NF-ToN-IoT-v2_full_multilevel_RandomForest,CROSS_DOMAIN,Edge-IIoTset,NF-ToN-IoT-v2,full_multilevel,RandomForest,4200,1400,1400,0.6059374999999999,0.699705715710115,0.72,0.7334869431643625,0.955,0.5212823492056846,0.8297132927888793,0.21285140562248997,0.8675,0.045,867.5,53,347,45,955,0.47000000000000003
cross_Edge-IIoTset_to_CICIoT2023_baseline_common_LogisticRegression,CROSS_DOMAIN,Edge-IIoTset,CICIoT2023,baseline_common,LogisticRegression,4200,1400,1400,0.2564624999999999,0.5757923962625512,0.4664285714285714,0.6203615604186489,0.652,0.31922882386982415,0.6357874207703559,0.0026702269692923898,0.9975,0.348,997.5,1,399,348,652,0.67
cross_Edge-IIoTset_to_CICIoT2023_baseline_common_RandomForest,CROSS_DOMAIN,Edge-IIoTset,CICIoT2023,baseline_common,RandomForest,4200,1400,1400,0.5595825,0.8289132073540877,0.6807142857142857,0.7049666419570052,0.951,0.4092877187915035,0.80970625798212,0.008869179600886918,0.995,0.049,995.0,2,398,49,951,0.47000000000000003
cross_Edge-IIoTset_to_CICIoT2023_instant_only_LogisticRegression,CROSS_DOMAIN,Edge-IIoTset,CICIoT2023,instant_only,LogisticRegression,4200,1400,1400,0.05692749999999999,0.5063919215470488,0.7142857142857143,0.7142857142857143,1.0,0.4166666666666667,0.8333333333333334,0.0,1.0,0.0,1000.0,0,400,0,1000,0.41000000000000003
cross_Edge-IIoTset_to_CICIoT2023_instant_only_RandomForest,CROSS_DOMAIN,Edge-IIoTset,CICIoT2023,instant_only,RandomForest,4200,1400,1400,0.6679775,0.8680719241642477,0.6985714285714286,0.7097242380261248,0.978,0.4112699747687132,0.8225399495374264,0.0,1.0,0.022,1000.0,0,400,22,978,0.37
cross_Edge-IIoTset_to_CICIoT2023_instant_temporal_LogisticRegression,CROSS_DOMAIN,Edge-IIoTset,CICIoT2023,instant_temporal,LogisticRegression,4200,1400,1400,0.0273575,0.5011780396514214,0.7142857142857143,0.7142857142857143,1.0,0.4166666666666667,0.8333333333333334,0.0,1.0,0.0,1000.0,0,400,0,1000,0.5800000000000001
cross_Edge-IIoTset_to_CICIoT2023_instant_temporal_RandomForest,CROSS_DOMAIN,Edge-IIoTset,CICIoT2023,instant_temporal,RandomForest,4200,1400,1400,0.21651499999999996,0.6417738238604817,0.7142857142857143,0.7142857142857143,1.0,0.4166666666666667,0.8333333333333334,0.0,1.0,0.0,1000.0,0,400,0,1000,0.29000000000000004
cross_Edge-IIoTset_to_CICIoT2023_instant_behavioral_LogisticRegression,CROSS_DOMAIN,Edge-IIoTset,CICIoT2023,instant_behavioral,LogisticRegression,4200,1400,1400,0.246215,0.5735379538016464,0.36714285714285716,0.5652173913043478,0.494,0.285205529342071,0.5272145144076841,0.04319654427645788,0.95,0.506,950.0,20,380,506,494,0.12
cross_Edge-IIoTset_to_CICIoT2023_instant_behavioral_RandomForest,CROSS_DOMAIN,Edge-IIoTset,CICIoT2023,instant_behavioral,RandomForest,4200,1400,1400,0.32355000000000006,0.5925402367458255,0.7142857142857143,0.7142857142857143,1.0,0.4166666666666667,0.8333333333333334,0.0,1.0,0.0,1000.0,0,400,0,1000,0.54
cross_Edge-IIoTset_to_CICIoT2023_full_multilevel_LogisticRegression,CROSS_DOMAIN,Edge-IIoTset,CICIoT2023,full_multilevel,LogisticRegression,4200,1400,1400,0.1235925,0.5241848212809448,0.6764285714285714,0.7030438010393467,0.947,0.40349382190029826,0.8069876438005965,0.0,1.0,0.053,1000.0,0,400,53,947,0.02
cross_Edge-IIoTset_to_CICIoT2023_full_multilevel_RandomForest,CROSS_DOMAIN,Edge-IIoTset,CICIoT2023,full_multilevel,RandomForest,4200,1400,1400,0.25959,0.6181043230212926,0.7142857142857143,0.7142857142857143,1.0,0.4166666666666667,0.8333333333333334,0.0,1.0,0.0,1000.0,0,400,0,1000,0.47000000000000003
cross_NF-ToN-IoT-v2_to_ToN-IoT_baseline_common_LogisticRegression,CROSS_DOMAIN,NF-ToN-IoT-v2,ToN-IoT,baseline_common,LogisticRegression,4200,1400,1400,0.605,0.6852822774963908,0.7142857142857143,0.7142857142857143,1.0,0.4166666666666667,0.8333333333333334,0.0,1.0,0.0,1000.0,0,400,0,1000,0.01
cross_NF-ToN-IoT-v2_to_ToN-IoT_baseline_common_RandomForest,CROSS_DOMAIN,NF-ToN-IoT-v2,ToN-IoT,baseline_common,RandomForest,4200,1400,1400,0.6975,0.9025764895330113,0.2857142857142857,0.0,0.0,0.2222222222222222,0.0,0.4444444444444444,0.0,1.0,0.0,400,0,1000,0,0.97
cross_NF-ToN-IoT-v2_to_ToN-IoT_instant_only_LogisticRegression,CROSS_DOMAIN,NF-ToN-IoT-v2,ToN-IoT,instant_only,LogisticRegression,4200,1400,1400,0.7449975,0.7608261551592927,0.7142857142857143,0.7142857142857143,1.0,0.4166666666666667,0.8333333333333334,0.0,1.0,0.0,1000.0,0,400,0,1000,0.01
cross_NF-ToN-IoT-v2_to_ToN-IoT_instant_only_RandomForest,CROSS_DOMAIN,NF-ToN-IoT-v2,ToN-IoT,instant_only,RandomForest,4200,1400,1400,0.7449999999999999,0.5974760003456918,0.2857142857142857,0.0,0.0,0.2222222222222222,0.0,0.4444444444444444,0.0,1.0,0.0,400,0,1000,0,0.97
cross_NF-ToN-IoT-v2_to_ToN-IoT_instant_temporal_LogisticRegression,CROSS_DOMAIN,NF-ToN-IoT-v2,ToN-IoT,instant_temporal,LogisticRegression,4200,1400,1400,0.7447725,0.7571734285135528,0.8907142857142857,0.9029495718363464,0.949,0.8605649398287591,0.9254022428083861,0.7957276368491322,0.255,0.051,255.0,298,102,51,949,0.52
cross_NF-ToN-IoT-v2_to_ToN-IoT_instant_temporal_RandomForest,CROSS_DOMAIN,NF-ToN-IoT-v2,ToN-IoT,instant_temporal,RandomForest,4200,1400,1400,0.6597824999999999,0.6813061212049388,0.2842857142857143,0.0,0.0,0.22135706340378197,0.0,0.44271412680756395,0.005,1.0,5.0,398,2,1000,0,0.8
cross_NF-ToN-IoT-v2_to_ToN-IoT_instant_behavioral_LogisticRegression,CROSS_DOMAIN,NF-ToN-IoT-v2,ToN-IoT,instant_behavioral,LogisticRegression,4200,1400,1400,0.746115,0.7578920700252286,0.7264285714285714,0.7230657989877078,1.0,0.4604064964562131,0.839278220730172,0.0815347721822542,0.9575,0.0,957.5,17,383,0,1000,0.09
cross_NF-ToN-IoT-v2_to_ToN-IoT_instant_behavioral_RandomForest,CROSS_DOMAIN,NF-ToN-IoT-v2,ToN-IoT,instant_behavioral,RandomForest,4200,1400,1400,0.016627500000000014,0.3889669195119503,0.2857142857142857,0.0,0.0,0.2222222222222222,0.0,0.4444444444444444,0.0,1.0,0.0,400,0,1000,0,0.77
cross_NF-ToN-IoT-v2_to_ToN-IoT_full_multilevel_LogisticRegression,CROSS_DOMAIN,NF-ToN-IoT-v2,ToN-IoT,full_multilevel,LogisticRegression,4200,1400,1400,0.74464,0.7571308161116973,0.9164285714285715,0.9039341262580055,0.988,0.889305700756411,0.9440993788819876,0.8345120226308345,0.2625,0.012,262.5,295,105,12,988,0.11
cross_NF-ToN-IoT-v2_to_ToN-IoT_full_multilevel_RandomForest,CROSS_DOMAIN,NF-ToN-IoT-v2,ToN-IoT,full_multilevel,RandomForest,4200,1400,1400,0.013054999999999956,0.37120634741377656,0.2835714285714286,0.0,0.0,0.22092376182526433,0.0,0.44184752365052865,0.0075,1.0,7.5,397,3,1000,0,0.64
cross_NF-ToN-IoT-v2_to_Edge-IIoTset_baseline_common_LogisticRegression,CROSS_DOMAIN,NF-ToN-IoT-v2,Edge-IIoTset,baseline_common,LogisticRegression,4200,1400,1400,0.45146250000000004,0.7293745215552723,0.7142857142857143,0.7142857142857143,1.0,0.4166666666666667,0.8333333333333334,0.0,1.0,0.0,1000.0,0,400,0,1000,0.01
cross_NF-ToN-IoT-v2_to_Edge-IIoTset_baseline_common_RandomForest,CROSS_DOMAIN,NF-ToN-IoT-v2,Edge-IIoTset,baseline_common,RandomForest,4200,1400,1400,0.29046374999999997,0.5326540152152923,0.21285714285714286,0.2702702702702703,0.06,0.19992366396379016,0.09819967266775777,0.30164765525982257,0.405,0.94,405.0,238,162,940,60,0.97
cross_NF-ToN-IoT-v2_to_Edge-IIoTset_instant_only_LogisticRegression,CROSS_DOMAIN,NF-ToN-IoT-v2,Edge-IIoTset,instant_only,LogisticRegression,4200,1400,1400,0.572575,0.7195844195440598,0.7142857142857143,0.7142857142857143,1.0,0.4166666666666667,0.8333333333333334,0.0,1.0,0.0,1000.0,0,400,0,1000,0.01
cross_NF-ToN-IoT-v2_to_Edge-IIoTset_instant_only_RandomForest,CROSS_DOMAIN,NF-ToN-IoT-v2,Edge-IIoTset,instant_only,RandomForest,4200,1400,1400,0.32817125,0.5788425114883522,0.26857142857142857,0.0,0.0,0.21171171171171171,0.0,0.42342342342342343,0.06,1.0,60.0,376,24,1000,0,0.97
cross_NF-ToN-IoT-v2_to_Edge-IIoTset_instant_temporal_LogisticRegression,CROSS_DOMAIN,NF-ToN-IoT-v2,Edge-IIoTset,instant_temporal,LogisticRegression,4200,1400,1400,0.5229325,0.7067517439358286,0.7114285714285714,0.717201166180758,0.984,0.4428771808166932,0.8296795952782462,0.056074766355140186,0.97,0.016,970.0,12,388,16,984,0.52
cross_NF-ToN-IoT-v2_to_Edge-IIoTset_instant_temporal_RandomForest,CROSS_DOMAIN,NF-ToN-IoT-v2,Edge-IIoTset,instant_temporal,RandomForest,4200,1400,1400,0.39646375,0.6034731128135217,0.25357142857142856,0.0,0.0,0.2022792022792023,0.0,0.4045584045584046,0.1125,1.0,112.5,355,45,1000,0,0.8
cross_NF-ToN-IoT-v2_to_Edge-IIoTset_instant_behavioral_LogisticRegression,CROSS_DOMAIN,NF-ToN-IoT-v2,Edge-IIoTset,instant_behavioral,LogisticRegression,4200,1400,1400,0.35881625,0.6015730508708272,0.7142857142857143,0.7142857142857143,1.0,0.4166666666666667,0.8333333333333334,0.0,1.0,0.0,1000.0,0,400,0,1000,0.09
cross_NF-ToN-IoT-v2_to_Edge-IIoTset_instant_behavioral_RandomForest,CROSS_DOMAIN,NF-ToN-IoT-v2,Edge-IIoTset,instant_behavioral,RandomForest,4200,1400,1400,0.19305249999999996,0.5383347073494087,0.26857142857142857,0.0,0.0,0.21171171171171171,0.0,0.42342342342342343,0.06,1.0,60.0,376,24,1000,0,0.77
cross_NF-ToN-IoT-v2_to_Edge-IIoTset_full_multilevel_LogisticRegression,CROSS_DOMAIN,NF-ToN-IoT-v2,Edge-IIoTset,full_multilevel,LogisticRegression,4200,1400,1400,0.4424725,0.6393555455717972,0.7142857142857143,0.7142857142857143,1.0,0.4166666666666667,0.8333333333333334,0.0,1.0,0.0,1000.0,0,400,0,1000,0.11
cross_NF-ToN-IoT-v2_to_Edge-IIoTset_full_multilevel_RandomForest,CROSS_DOMAIN,NF-ToN-IoT-v2,Edge-IIoTset,full_multilevel,RandomForest,4200,1400,1400,0.05738374999999997,0.5043892106456875,0.17,0.017857142857142856,0.003,0.14656359118990062,0.005136986301369863,0.28799019607843135,0.4125,0.997,412.5,235,165,997,3,0.64
cross_NF-ToN-IoT-v2_to_CICIoT2023_baseline_common_LogisticRegression,CROSS_DOMAIN,NF-ToN-IoT-v2,CICIoT2023,baseline_common,LogisticRegression,4200,1400,1400,0.577825,0.8468122929909379,0.7142857142857143,0.7142857142857143,1.0,0.4166666666666667,0.8333333333333334,0.0,1.0,0.0,1000.0,0,400,0,1000,0.01
cross_NF-ToN-IoT-v2_to_CICIoT2023_baseline_common_RandomForest,CROSS_DOMAIN,NF-ToN-IoT-v2,CICIoT2023,baseline_common,RandomForest,4200,1400,1400,0.58899875,0.8407992204585506,0.5392857142857143,0.9889807162534435,0.359,0.5389636945397065,0.5267791636096845,0.5511482254697286,0.01,0.641,10.0,396,4,641,359,0.97
cross_NF-ToN-IoT-v2_to_CICIoT2023_instant_only_LogisticRegression,CROSS_DOMAIN,NF-ToN-IoT-v2,CICIoT2023,instant_only,LogisticRegression,4200,1400,1400,0.8008074999999999,0.9192106473191273,0.7142857142857143,0.7142857142857143,1.0,0.4166666666666667,0.8333333333333334,0.0,1.0,0.0,1000.0,0,400,0,1000,0.01
cross_NF-ToN-IoT-v2_to_CICIoT2023_instant_only_RandomForest,CROSS_DOMAIN,NF-ToN-IoT-v2,CICIoT2023,instant_only,RandomForest,4200,1400,1400,0.70964,0.8696915717832024,0.2857142857142857,0.0,0.0,0.2222222222222222,0.0,0.4444444444444444,0.0,1.0,0.0,400,0,1000,0,0.97
cross_NF-ToN-IoT-v2_to_CICIoT2023_instant_temporal_LogisticRegression,CROSS_DOMAIN,NF-ToN-IoT-v2,CICIoT2023,instant_temporal,LogisticRegression,4200,1400,1400,0.6903075000000001,0.878905923435485,0.35285714285714287,0.9895833333333334,0.095,0.3208337616942531,0.17335766423357665,0.46830985915492956,0.0025,0.905,2.5,399,1,905,95,0.52
cross_NF-ToN-IoT-v2_to_CICIoT2023_instant_temporal_RandomForest,CROSS_DOMAIN,NF-ToN-IoT-v2,CICIoT2023,instant_temporal,RandomForest,4200,1400,1400,0.47854250000000004,0.6617319913582234,0.275,0.0,0.0,0.21568627450980393,0.0,0.43137254901960786,0.0375,1.0,37.5,385,15,1000,0,0.8
cross_NF-ToN-IoT-v2_to_CICIoT2023_instant_behavioral_LogisticRegression,CROSS_DOMAIN,NF-ToN-IoT-v2,CICIoT2023,instant_behavioral,LogisticRegression,4200,1400,1400,0.6849774999999999,0.8818126237073746,0.6635714285714286,0.9664902998236331,0.548,0.6587152601480971,0.6994256541161455,0.6180048661800487,0.0475,0.452,47.5,381,19,452,548,0.09
cross_NF-ToN-IoT-v2_to_CICIoT2023_instant_behavioral_RandomForest,CROSS_DOMAIN,NF-ToN-IoT-v2,CICIoT2023,instant_behavioral,RandomForest,4200,1400,1400,0.90007,0.9597428928724705,0.3142857142857143,1.0,0.04,0.26573426573426573,0.07692307692307693,0.45454545454545453,0.0,0.96,0.0,400,0,960,40,0.77
cross_NF-ToN-IoT-v2_to_CICIoT2023_full_multilevel_LogisticRegression,CROSS_DOMAIN,NF-ToN-IoT-v2,CICIoT2023,full_multilevel,LogisticRegression,4200,1400,1400,0.6631925000000001,0.8730869275501727,0.6521428571428571,0.9638336347197106,0.533,0.6479380519686397,0.686413393432067,0.6094627105052125,0.05,0.467,50.0,380,20,467,533,0.11
cross_NF-ToN-IoT-v2_to_CICIoT2023_full_multilevel_RandomForest,CROSS_DOMAIN,NF-ToN-IoT-v2,CICIoT2023,full_multilevel,RandomForest,4200,1400,1400,0.31787250000000006,0.5852167162316247,0.2392857142857143,0.32620320855614976,0.061,0.2212598667837301,0.10278011794439765,0.3397396156230626,0.315,0.939,315.0,274,126,939,61,0.64
cross_CICIoT2023_to_ToN-IoT_baseline_common_LogisticRegression,CROSS_DOMAIN,CICIoT2023,ToN-IoT,baseline_common,LogisticRegression,4200,1400,1400,0.015000000000000013,0.5021399449391166,0.7157142857142857,0.7153075822603719,1.0,0.42198930286017783,0.8340283569641368,0.009950248756218905,0.995,0.0,995.0,2,398,0,1000,0.38
cross_CICIoT2023_to_ToN-IoT_baseline_common_RandomForest,CROSS_DOMAIN,CICIoT2023,ToN-IoT,baseline_common,RandomForest,4200,1400,1400,0.31469749999999996,0.35867980027048846,0.17642857142857143,0.0,0.0,0.14996964177292046,0.0,0.29993928354584093,0.3825,1.0,382.5,247,153,1000,0,0.5700000000000001
cross_CICIoT2023_to_ToN-IoT_instant_only_LogisticRegression,CROSS_DOMAIN,CICIoT2023,ToN-IoT,instant_only,LogisticRegression,4200,1400,1400,0.7449899999999999,0.7572253020961103,0.715,0.7147962830593281,1.0,0.419334115731929,0.8336807002917882,0.004987531172069825,0.9975,0.0,997.5,1,399,0,1000,0.55
cross_CICIoT2023_to_ToN-IoT_instant_only_RandomForest,CROSS_DOMAIN,CICIoT2023,ToN-IoT,instant_only,RandomForest,4200,1400,1400,0.6375,0.44883493850545636,0.8928571428571429,0.8695652173913043,1.0,0.8497316636851521,0.9302325581395349,0.7692307692307693,0.375,0.0,375.0,250,150,0,1000,0.5800000000000001
cross_CICIoT2023_to_ToN-IoT_instant_temporal_LogisticRegression,CROSS_DOMAIN,CICIoT2023,ToN-IoT,instant_temporal,LogisticRegression,4200,1400,1400,0.080995,0.5166408317757605,0.7157142857142857,0.7153075822603719,1.0,0.42198930286017783,0.8340283569641368,0.009950248756218905,0.995,0.0,995.0,2,398,0,1000,0.99
cross_CICIoT2023_to_ToN-IoT_instant_temporal_RandomForest,CROSS_DOMAIN,CICIoT2023,ToN-IoT,instant_temporal,RandomForest,4200,1400,1400,0.63751,0.45203494607276,0.8964285714285715,0.8733624454148472,1.0,0.8555134432997028,0.9324009324009324,0.7786259541984732,0.3625,0.0,362.5,255,145,0,1000,0.81
cross_CICIoT2023_to_ToN-IoT_instant_behavioral_LogisticRegression,CROSS_DOMAIN,CICIoT2023,ToN-IoT,instant_behavioral,LogisticRegression,4200,1400,1400,0.678335,0.7211972570694778,0.25,0.1794871794871795,0.014,0.2081089642065252,0.025974025974025976,0.3902439024390244,0.16,0.986,160.0,336,64,986,14,0.99
cross_CICIoT2023_to_ToN-IoT_instant_behavioral_RandomForest,CROSS_DOMAIN,CICIoT2023,ToN-IoT,instant_behavioral,RandomForest,4200,1400,1400,0.6127825,0.5696085956464657,0.27714285714285714,0.125,0.002,0.21833621694149216,0.003937007874015748,0.4327354260089686,0.035,0.998,35.0,386,14,998,2,0.8
cross_CICIoT2023_to_ToN-IoT_full_multilevel_LogisticRegression,CROSS_DOMAIN,CICIoT2023,ToN-IoT,full_multilevel,LogisticRegression,4200,1400,1400,0.038045,0.5062491389871993,0.1,0.2410358565737052,0.121,0.09519715879597619,0.1611185086551265,0.029275808936825885,0.9525,0.879,952.5,19,381,879,121,0.99
cross_CICIoT2023_to_ToN-IoT_full_multilevel_RandomForest,CROSS_DOMAIN,CICIoT2023,ToN-IoT,full_multilevel,RandomForest,4200,1400,1400,0.63714,0.48719203770470326,0.28285714285714286,0.0,0.0,0.22048997772828507,0.0,0.44097995545657015,0.01,1.0,10.0,396,4,1000,0,0.88
cross_CICIoT2023_to_Edge-IIoTset_baseline_common_LogisticRegression,CROSS_DOMAIN,CICIoT2023,Edge-IIoTset,baseline_common,LogisticRegression,4200,1400,1400,0.45146250000000004,0.7293745215552723,0.7142857142857143,0.7142857142857143,1.0,0.4166666666666667,0.8333333333333334,0.0,1.0,0.0,1000.0,0,400,0,1000,0.38
cross_CICIoT2023_to_Edge-IIoTset_baseline_common_RandomForest,CROSS_DOMAIN,CICIoT2023,Edge-IIoTset,baseline_common,RandomForest,4200,1400,1400,0.39925,0.6798489405331511,0.3314285714285714,0.5765550239234449,0.241,0.3313180342056544,0.33991537376586745,0.3227206946454414,0.4425,0.759,442.5,223,177,759,241,0.5700000000000001
cross_CICIoT2023_to_Edge-IIoTset_instant_only_LogisticRegression,CROSS_DOMAIN,CICIoT2023,Edge-IIoTset,instant_only,LogisticRegression,4200,1400,1400,0.35271250000000004,0.6054436169301767,0.7142857142857143,0.7142857142857143,1.0,0.4166666666666667,0.8333333333333334,0.0,1.0,0.0,1000.0,0,400,0,1000,0.55
cross_CICIoT2023_to_Edge-IIoTset_instant_only_RandomForest,CROSS_DOMAIN,CICIoT2023,Edge-IIoTset,instant_only,RandomForest,4200,1400,1400,0.41342500000000004,0.6724087998254669,0.7142857142857143,0.7142857142857143,1.0,0.4166666666666667,0.8333333333333334,0.0,1.0,0.0,1000.0,0,400,0,1000,0.5800000000000001
cross_CICIoT2023_to_Edge-IIoTset_instant_temporal_LogisticRegression,CROSS_DOMAIN,CICIoT2023,Edge-IIoTset,instant_temporal,LogisticRegression,4200,1400,1400,0.394565,0.6318566632265694,0.7142857142857143,0.7142857142857143,1.0,0.4166666666666667,0.8333333333333334,0.0,1.0,0.0,1000.0,0,400,0,1000,0.99
cross_CICIoT2023_to_Edge-IIoTset_instant_temporal_RandomForest,CROSS_DOMAIN,CICIoT2023,Edge-IIoTset,instant_temporal,RandomForest,4200,1400,1400,0.2775125,0.6422791151411794,0.7142857142857143,0.7142857142857143,1.0,0.4166666666666667,0.8333333333333334,0.0,1.0,0.0,1000.0,0,400,0,1000,0.81
cross_CICIoT2023_to_Edge-IIoTset_instant_behavioral_LogisticRegression,CROSS_DOMAIN,CICIoT2023,Edge-IIoTset,instant_behavioral,LogisticRegression,4200,1400,1400,0.4269125,0.648747194517565,0.2885714285714286,0.55,0.022,0.2381993006993007,0.04230769230769231,0.4340909090909091,0.045,0.978,45.0,382,18,978,22,0.99
cross_CICIoT2023_to_Edge-IIoTset_instant_behavioral_RandomForest,CROSS_DOMAIN,CICIoT2023,Edge-IIoTset,instant_behavioral,RandomForest,4200,1400,1400,0.43009,0.6695229346649576,0.2857142857142857,0.5,0.007,0.22694814589034593,0.013806706114398421,0.4400895856662934,0.0175,0.993,17.5,393,7,993,7,0.8
cross_CICIoT2023_to_Edge-IIoTset_full_multilevel_LogisticRegression,CROSS_DOMAIN,CICIoT2023,Edge-IIoTset,full_multilevel,LogisticRegression,4200,1400,1400,0.598505,0.740960797002044,0.69,0.7105654761904762,0.955,0.43154601520867014,0.8148464163822525,0.04824561403508772,0.9725,0.045,972.5,11,389,45,955,0.99
cross_CICIoT2023_to_Edge-IIoTset_full_multilevel_RandomForest,CROSS_DOMAIN,CICIoT2023,Edge-IIoTset,full_multilevel,RandomForest,4200,1400,1400,0.30251249999999996,0.603239818392388,0.2842857142857143,0.25,0.001,0.22204278653759127,0.00199203187250996,0.4420935412026726,0.0075,0.999,7.5,397,3,999,1,0.88
cross_CICIoT2023_to_NF-ToN-IoT-v2_baseline_common_LogisticRegression,CROSS_DOMAIN,CICIoT2023,NF-ToN-IoT-v2,baseline_common,LogisticRegression,4200,1400,1400,0.7602325,0.694688226439831,0.7114285714285714,0.7134670487106017,0.996,0.41569282136894825,0.8313856427378965,0.0,1.0,0.004,1000.0,0,400,4,996,0.38
cross_CICIoT2023_to_NF-ToN-IoT-v2_baseline_common_RandomForest,CROSS_DOMAIN,CICIoT2023,NF-ToN-IoT-v2,baseline_common,RandomForest,4200,1400,1400,0.498,0.8561620957838724,0.7142857142857143,0.7142857142857143,1.0,0.4166666666666667,0.8333333333333334,0.0,1.0,0.0,1000.0,0,400,0,1000,0.5700000000000001
cross_CICIoT2023_to_NF-ToN-IoT-v2_instant_only_LogisticRegression,CROSS_DOMAIN,CICIoT2023,NF-ToN-IoT-v2,instant_only,LogisticRegression,4200,1400,1400,0.09622999999999998,0.45343278130490605,0.7114285714285714,0.7134670487106017,0.996,0.41569282136894825,0.8313856427378965,0.0,1.0,0.004,1000.0,0,400,4,996,0.55
cross_CICIoT2023_to_NF-ToN-IoT-v2_instant_only_RandomForest,CROSS_DOMAIN,CICIoT2023,NF-ToN-IoT-v2,instant_only,RandomForest,4200,1400,1400,0.43020125000000004,0.6026532306280158,0.7114285714285714,0.7134670487106017,0.996,0.41569282136894825,0.8313856427378965,0.0,1.0,0.004,1000.0,0,400,4,996,0.5800000000000001
cross_CICIoT2023_to_NF-ToN-IoT-v2_instant_temporal_LogisticRegression,CROSS_DOMAIN,CICIoT2023,NF-ToN-IoT-v2,instant_temporal,LogisticRegression,4200,1400,1400,0.21035875,0.5646982214143975,0.6428571428571429,0.6923076923076923,0.9,0.391304347826087,0.782608695652174,0.0,1.0,0.1,1000.0,0,400,100,900,0.99
cross_CICIoT2023_to_NF-ToN-IoT-v2_instant_temporal_RandomForest,CROSS_DOMAIN,CICIoT2023,NF-ToN-IoT-v2,instant_temporal,RandomForest,4200,1400,1400,0.5651450000000001,0.7311393672945228,0.6428571428571429,0.6923076923076923,0.9,0.391304347826087,0.782608695652174,0.0,1.0,0.1,1000.0,0,400,100,900,0.81
cross_CICIoT2023_to_NF-ToN-IoT-v2_instant_behavioral_LogisticRegression,CROSS_DOMAIN,CICIoT2023,NF-ToN-IoT-v2,instant_behavioral,LogisticRegression,4200,1400,1400,0.29686125,0.5589198824752536,0.7257142857142858,0.7305389221556886,0.976,0.5040151157298063,0.8356164383561644,0.1724137931034483,0.9,0.024,900.0,40,360,24,976,0.99
cross_CICIoT2023_to_NF-ToN-IoT-v2_instant_behavioral_RandomForest,CROSS_DOMAIN,CICIoT2023,NF-ToN-IoT-v2,instant_behavioral,RandomForest,4200,1400,1400,0.5345712499999999,0.6419284812850701,0.7271428571428571,0.7272058823529411,0.989,0.48497688751926044,0.838135593220339,0.1318181818181818,0.9275,0.011,927.5,29,371,11,989,0.8
cross_CICIoT2023_to_NF-ToN-IoT-v2_full_multilevel_LogisticRegression,CROSS_DOMAIN,CICIoT2023,NF-ToN-IoT-v2,full_multilevel,LogisticRegression,4200,1400,1400,0.25169874999999997,0.5760155746753368,0.6485714285714286,0.6959876543209876,0.902,0.40476190476190477,0.7857142857142857,0.023809523809523808,0.985,0.098,985.0,6,394,98,902,0.99
cross_CICIoT2023_to_NF-ToN-IoT-v2_full_multilevel_RandomForest,CROSS_DOMAIN,CICIoT2023,NF-ToN-IoT-v2,full_multilevel,RandomForest,4200,1400,1400,0.46885250000000006,0.6635746699394272,0.6621428571428571,0.7086302454473475,0.895,0.4550830253671935,0.7909854175872735,0.1191806331471136,0.92,0.105,920.0,32,368,105,895,0.88
