model,feature_profile,roc_auc,roc_auc,roc_auc,pr_auc,pr_auc,pr_auc,macro_f1,macro_f1,macro_f1,fpr,fpr,fpr,fnr,fnr,fnr,fp_per_1000,fp_per_1000,fp_per_1000
,,mean,std,median,mean,std,median,mean,std,median,mean,std,median,mean,std,median,mean,std,median
LogisticRegression,baseline_common,0.4870735416666667,0.22996416798813546,0.5146437500000001,0.6816157383940836,0.12793861002363469,0.7063732644297209,0.3903791716690244,0.05992260355704588,0.4166666666666667,0.9175,0.2826437687266429,1.0,0.12241666666666666,0.2935591804461962,0.0,917.5,282.6437687266429,1000.0
LogisticRegression,full_multilevel,0.39139989583333334,0.2866538774878571,0.470475625,0.6548021029807093,0.14586443972581215,0.6519049089475487,0.4135365338463366,0.25374166056356157,0.4107142857142857,0.6027083333333333,0.452748498232203,0.91,0.4105833333333333,0.4352216693998031,0.21400000000000002,602.7083333333334,452.748498232203,910.0
LogisticRegression,instant_behavioral,0.44356645833333336,0.24242175466332136,0.420961875,0.6635416902588895,0.13502965611044612,0.6299874428745693,0.3521407789529431,0.19430861846545114,0.2651126328255758,0.445625,0.4258722666481113,0.27249999999999996,0.59775,0.428044629151511,0.7015,445.625,425.8722666481113,272.5
LogisticRegression,instant_only,0.566658125,0.27730544839647364,0.674995,0.7052428336655027,0.13717847640937422,0.7175383628882042,0.46115721870774434,0.12340995349999102,0.4166666666666667,0.933125,0.17847563177185738,1.0,0.011166666666666667,0.03744045778015914,0.0,933.125,178.4756317718574,1000.0
LogisticRegression,instant_temporal,0.41548802083333336,0.25964910613153075,0.46364375,0.680388860190068,0.13790517773211328,0.6797061123682864,0.44873299731962807,0.15989651784910147,0.4166666666666667,0.6687500000000001,0.42444147792342135,0.94625,0.26216666666666666,0.36383058828209724,0.0755,668.75,424.44147792342136,946.25
RandomForest,baseline_common,0.4940676041666667,0.1890715486989064,0.464443125,0.68193299731334,0.1841294233826521,0.6813722903926649,0.3958882555703503,0.1912569495589382,0.4092852096067222,0.5593750000000001,0.41568006299644356,0.4425,0.4410833333333333,0.43988789033185044,0.378,559.375,415.68006299644355,442.5
RandomForest,full_multilevel,0.3180488541666667,0.18512583569915905,0.294583125,0.5725229936039464,0.0869522577167501,0.5889768523651067,0.3378573134515133,0.12339046287913989,0.38782051282051283,0.6266666666666666,0.4386359711098887,0.89375,0.44175000000000003,0.48539770479286554,0.1605,626.6666666666666,438.6359711098887,893.75
RandomForest,instant_behavioral,0.4157458333333333,0.23268553644223974,0.387766875,0.6137607144877765,0.1376924703872127,0.5985704982993276,0.37044955790309014,0.13998022577561706,0.41649832307295404,0.5158333333333334,0.46565122206009574,0.5762499999999999,0.45616666666666666,0.49127567401489347,0.255,515.8333333333334,465.6512220600958,576.25
RandomForest,instant_only,0.5298596875,0.21705759975041303,0.45145875,0.647902736635182,0.1245557302171336,0.6476965356534912,0.3864026793304438,0.17359815437586681,0.4147140823762664,0.623125,0.47545328252483054,1.0,0.3358333333333334,0.4890900332311635,0.008,623.125,475.4532825248305,1000.0
RandomForest,instant_temporal,0.42650187500000003,0.17676403186514386,0.401968125,0.6248132256715405,0.07911865006194302,0.6365608429092223,0.40871005050885073,0.17290801850932103,0.4166666666666667,0.6735416666666666,0.4281586610301741,0.9975,0.2926666666666667,0.4386917189125232,0.024,673.5416666666666,428.1586610301741,997.5
