source_domain,target_domain,model,baseline_common,full_multilevel,instant_behavioral,instant_only,instant_temporal,rel_fpr_reduction_full,rel_fpr_reduction_behavioral
CICIoT2023,Edge-IIoTset,LogisticRegression,1.0,0.9725,0.045,1.0,1.0,0.027499972500027472,0.954999045000955
CICIoT2023,Edge-IIoTset,RandomForest,0.4425,0.0075,0.0175,1.0,1.0,0.9830486258788116,0.9604498068930918
CICIoT2023,NF-ToN-IoT-v2,LogisticRegression,1.0,0.985,0.9,1.0,1.0,0.014999985000015014,0.09999990000009999
CICIoT2023,NF-ToN-IoT-v2,RandomForest,1.0,0.92,0.9275,1.0,1.0,0.07999992000007997,0.07249992750007252
CICIoT2023,ToN-IoT,LogisticRegression,0.995,0.9525,0.16,0.9975,0.995,0.04271352491103022,0.8391951364872999
CICIoT2023,ToN-IoT,RandomForest,0.3825,0.01,0.035,0.375,0.3625,0.9738536631276782,0.9084943568774985
Edge-IIoTset,CICIoT2023,LogisticRegression,0.9975,1.0,0.95,1.0,1.0,-0.0025062631516158344,0.047618999880701965
Edge-IIoTset,CICIoT2023,RandomForest,0.995,1.0,1.0,1.0,1.0,-0.005025120577768268,-0.005025120577768268
Edge-IIoTset,NF-ToN-IoT-v2,LogisticRegression,0.02,0.8675,0.37,1.0,1.0,-42.3728813559322,-17.49912504374781
Edge-IIoTset,NF-ToN-IoT-v2,RandomForest,0.055,0.8675,0.4125,0.0425,0.57,-14.772458682569408,-6.499881820330539
Edge-IIoTset,ToN-IoT,LogisticRegression,1.0,0.9675,0.7425,0.395,0.9225,0.03249996750003248,0.2574997425002575
Edge-IIoTset,ToN-IoT,RandomForest,1.0,0.98,0.74,1.0,0.995,0.01999998000002002,0.25999974000026005
NF-ToN-IoT-v2,CICIoT2023,LogisticRegression,1.0,0.05,0.0475,1.0,0.0025,0.9499990500009501,0.9524990475009526
NF-ToN-IoT-v2,CICIoT2023,RandomForest,0.01,0.315,0.0,0.0,0.0375,-30.496950304969506,0.9999000099990002
NF-ToN-IoT-v2,Edge-IIoTset,LogisticRegression,1.0,1.0,1.0,1.0,0.97,0.0,0.0
NF-ToN-IoT-v2,Edge-IIoTset,RandomForest,0.405,0.4125,0.06,0.06,0.1125,-0.018518472793894215,0.8518497485191395
NF-ToN-IoT-v2,ToN-IoT,LogisticRegression,1.0,0.2625,0.9575,1.0,0.255,0.7374992625007376,0.042499957500042485
NF-ToN-IoT-v2,ToN-IoT,RandomForest,0.0,0.0075,0.0,0.0,0.005,-7500.0,0.0
ToN-IoT,CICIoT2023,LogisticRegression,0.9975,0.0,0.0,0.805,0.1975,0.9999989974947393,0.9999989974947393
ToN-IoT,CICIoT2023,RandomForest,1.0,1.0,0.9975,1.0,1.0,0.0,0.002499997500002447
ToN-IoT,Edge-IIoTset,LogisticRegression,1.0,0.175,0.175,1.0,0.0025,0.824999175000825,0.824999175000825
ToN-IoT,Edge-IIoTset,RandomForest,0.4425,1.0,1.0,1.0,1.0,-1.2598841584538794,-1.2598841584538794
ToN-IoT,NF-ToN-IoT-v2,LogisticRegression,1.0,0.0,0.0,1.0,0.68,0.9999990000010001,0.9999990000010001
ToN-IoT,NF-ToN-IoT-v2,RandomForest,0.98,1.0,1.0,1.0,1.0,-0.020408142440670997,-0.020408142440670997
