claim_id,paper_section,claim,citation_required,citation_status,source,verification_note
CIT-001,Sec. III.A,ToN-IoT dataset specifications and Zeek flow log telemetry,ToN-IoT Primary Dataset Paper,VERIFIED,"N. Moustafa, IEEE Access 2021",Canonical dataset paper for ToN-IoT telemetry suite.
CIT-002,Sec. III.B,Edge-IIoTset packet capture dataset and IIoT application telemetry,Edge-IIoTset Primary Dataset Paper,VERIFIED,"M. A. Ferrag et al., IEEE Access 2022",Canonical dataset paper for Edge-IIoTset captures.
CIT-003,Sec. III.C,NF-ToN-IoT-v2 NetFlow v9 standard feature set representation,NetFlow v2 Feature Standardization Paper,VERIFIED,"M. Sarhan et al., IEEE TNSM 2021",Canonical paper for NF-ToN-IoT-v2 NetFlow standard.
CIT-004,Sec. III.D,CICIoT2023 real-time IoT network security dataset,CICIoT2023 Primary Dataset Paper,VERIFIED,"E. C. P. Neto et al., Sensors 2023",Canonical dataset paper for CICIoT2023 profiling.
CIT-005,Sec. VI,Domain adaptation theory across different distribution domains,Domain Adaptation Theoretical Foundations,VERIFIED,"S. Ben-David et al., Machine Learning 2010",Foundational domain transfer bound theory.
CIT-006,Sec. VI.B,Unsupervised feature scaling alignment (CORAL/Standardization),Unsupervised Feature Alignment Paper,VERIFIED,"B. Sun et al., AAAI 2016",Frustratingly easy domain adaptation alignment.
CIT-007,Sec. VII,Paired Cohen's dz sample effect size calculation,Statistical Power & Effect Sizes,VERIFIED,"J. Cohen, Statistical Power Analysis 1988",Foundational text for sample effect size dz.
CIT-008,Sec. VII,Small-sample Hedges' g bias correction factor J(N-1),Hedges' g Small Sample Correction,VERIFIED,"L. V. Hedges, J. Educ. Stat. 1981",Small-sample effect size bias correction factor.
CIT-009,Sec. VII,Non-parametric bootstrap percentile confidence intervals,Bootstrap Resampling Methodology,VERIFIED,"B. Efron & R. J. Tibshirani, CRC Press 1993",Foundational bootstrap confidence interval text.
CIT-010,Sec. VII,Holm-Bonferroni sequential step-down multiple comparison correction,Multiple Hypothesis Testing Correction,VERIFIED,"S. Holm, Scand. J. Stat. 1979",Holm-Bonferroni step-down correction.
