element,type,identifier,in_manuscript,status
Table I,Table,tab:datasets,True,PASS
Table II,Table,tab:features,True,PASS
Table III,Table,tab:profiles,True,PASS
Table IV,Table,tab:regimes,True,PASS
Table V,Table,tab:within_domain,True,PASS
Table VI,Table,tab:adaptation_results,True,PASS
Table VII,Table,tab:effect_sizes,True,PASS
Table VIII,Table,tab:shortcut_ablation,True,PASS
Table IX,Table,tab:direction_robustness,True,PASS
Figure 1,Figure,fig1_architecture.png,True,PASS
Figure 2,Figure,fig2_feature_shift.png,True,PASS
Figure 3,Figure,fig3_direction_matrix.png,True,PASS
Figure 4,Figure,fig4_budget_trajectory.png,True,PASS
Figure 5,Figure,fig5_profile_comparison.png,True,PASS
Figure 6,Figure,fig6_fpr_suppression.png,True,PASS
Figure 7,Figure,fig7_effect_sizes.png,True,PASS
Figure 8,Figure,fig8_shortcut_ablation.png,True,PASS
