citation_key,in_tex,in_bib,status,notes
bendavid2010theory,True,True,PASS,Matched in BibTeX
cohen1988statistical,True,True,PASS,Matched in BibTeX
efron1993introduction,True,True,PASS,Matched in BibTeX
ferrag2022edge,True,True,PASS,Matched in BibTeX
hedges1981distribution,True,True,PASS,Matched in BibTeX
holm1979simple,True,True,PASS,Matched in BibTeX
kouliaridis2021survey,True,True,PASS,Matched in BibTeX
moustafa2021ton,True,True,PASS,Matched in BibTeX
neto2023ciciot2023,True,True,PASS,Matched in BibTeX
sarhan2021towards,True,True,PASS,Matched in BibTeX
sun2016return,True,True,PASS,Matched in BibTeX
