relative_path,size_bytes,sha256_checksum
IEEE_paper_final.tex,16201,dcfc001aec8de62bc84eea71a788ee348c1e61624a3282de6d14c6f65bf9a95e
references.bib,3128,0f017e6c937573a881ee5aa299c4677b3c326bd5a257f2fffc558f725aa62820
figures\fig1_architecture.png,285736,2dc33bdea8cf4bb6ec41509670a3d6b9c861738f64459e9b7bafa1f8383770d5
figures\fig2_feature_shift.png,133101,ae1e000a23f3b825f9910c6d25b8793b77376312eff22738fa5cbe58f2d6a39c
figures\fig3_direction_matrix.png,267125,4d469dcff4020dceb5e73594aa2542a9ffcea59a4ca4d0b7b27a9454100bb4ce
figures\fig4_budget_trajectory.png,349680,217f18545a440f2bc7890ecd32a2f64f3084d34c2807173d23d9d491b20750dd
figures\fig5_profile_comparison.png,291893,19f12d11c9685f3b046eea139c05006d5b07b5f8e4e8cfc30980c1cbcd8a61e7
figures\fig6_fpr_suppression.png,123415,82d7c7a1963b9ff227d20fe841b442136e8e6e066a907d19cfc5e561e9da5397
figures\fig7_effect_sizes.png,166610,0ccc5ff690fa359d1399027097811686288f1facb2175c40f28c5c2f1b9a9192
figures\fig8_shortcut_ablation.png,141151,b5b8bb1177774e5294fd3c4c19346705edd14b2e5f7daf455ddecba3671b3c58
