model_name,feature_profile,adaptation_method,roc_auc,roc_auc,roc_auc,pr_auc,pr_auc,pr_auc,macro_f1,macro_f1,macro_f1,fpr,fpr,fpr,fp_per_1000,fp_per_1000,fp_per_1000
,,,mean,std,median,mean,std,median,mean,std,median,mean,std,median,mean,std,median
LogisticRegression,baseline_common,limited_label_10pct,0.633153125,0.29576821678340115,0.6826162499999999,0.7744781105695462,0.18408850309613806,0.7855882805071794,0.5630796495179639,0.18822035214612176,0.5769697718718756,0.49791666666666673,0.39323950794148416,0.5575,497.9166666666667,393.23950794148413,557.5
LogisticRegression,baseline_common,limited_label_1pct,0.5878227083333334,0.28460919552571307,0.64593,0.7413494257810677,0.16679757281888974,0.7293745215552723,0.4864284455226456,0.20263880553331115,0.4309629414015046,0.413125,0.4194261840462948,0.37375,413.125,419.4261840462948,373.75
LogisticRegression,baseline_common,limited_label_5pct,0.6083233333333333,0.29679682973399757,0.6826162499999999,0.7530495350210189,0.17860104742105581,0.7293745215552723,0.49201658367686935,0.21540900942973543,0.4180003911992979,0.41250000000000003,0.4659789304639896,0.12375,412.5,465.9789304639896,123.75
LogisticRegression,baseline_common,threshold_calibration,0.4870735416666667,0.22996416798813546,0.5146437500000001,0.6816157383940836,0.12793861002363469,0.7063732644297209,0.526271787902407,0.19272029288262188,0.42600240922388577,0.7602083333333334,0.28751177512118237,0.92,760.2083333333334,287.5117751211823,920.0
LogisticRegression,baseline_common,unsupervised_alignment,0.465441875,0.2397668084711898,0.45146250000000004,0.6711613249432508,0.11559160122185912,0.7119316343289079,0.43019783897662944,0.029900218841747733,0.4166666666666667,0.9454166666666667,0.13298510397329422,1.0,945.4166666666666,132.98510397329423,1000.0
LogisticRegression,baseline_common,unsupervised_correction,0.5071139583333334,0.27562394359817827,0.52823125,0.6898458052126811,0.14504613721331258,0.7206873273806618,0.3624356104154103,0.10063077974684079,0.4166666666666667,0.8197916666666667,0.3855492810342935,1.0,819.7916666666666,385.5492810342935,1000.0
LogisticRegression,baseline_common,zero_shot,0.4870735416666667,0.22996416798813546,0.5146437500000001,0.6816157383940836,0.12793861002363469,0.7063732644297209,0.3903791716690244,0.05992260355704588,0.4166666666666667,0.9175,0.2826437687266429,1.0,917.5,282.6437687266429,1000.0
LogisticRegression,full_multilevel,limited_label_10pct,0.8292028125,0.1812827097296113,0.877839375,0.911466043336275,0.08284689046486052,0.9123037679733055,0.727815363445357,0.21653594069306795,0.6437342515291232,0.3233333333333333,0.36457062748422625,0.20625,323.3333333333333,364.5706274842262,206.25
LogisticRegression,full_multilevel,limited_label_1pct,0.6605138541666667,0.27391024043764317,0.663595,0.7899313899451813,0.15607260937640083,0.7589556575221232,0.6600093353673553,0.21264235286769656,0.6805040861428981,0.43333333333333335,0.3314488396922417,0.32,433.3333333333333,331.44883969224173,320.0
LogisticRegression,full_multilevel,limited_label_5pct,0.7958203125000001,0.19381550689755445,0.8007943750000001,0.8890243469776746,0.09439782501137044,0.8887572584931704,0.696227698988508,0.23896289143557023,0.6424744622224363,0.32583333333333336,0.35184793547350773,0.2,325.8333333333333,351.8479354735078,200.0
LogisticRegression,full_multilevel,threshold_calibration,0.39139989583333334,0.2866538774878571,0.470475625,0.6548021029807093,0.14586443972581215,0.6519049089475487,0.41788746586368747,0.25595775717453967,0.4372981412530409,0.708125,0.3228075084318827,0.8587499999999999,708.125,322.8075084318827,858.75
LogisticRegression,full_multilevel,unsupervised_alignment,0.38936322916666666,0.23140837422139526,0.41178250000000005,0.6700633187457471,0.12367836564249071,0.6371859924763519,0.43732322719937905,0.1645576879396097,0.4166666666666667,0.6575,0.3528616777667471,0.7637499999999999,657.5,352.86167776674705,763.75
LogisticRegression,full_multilevel,unsupervised_correction,0.4453504166666667,0.2585675979617703,0.47337312500000006,0.6957937883264563,0.11654884540591937,0.6943072587249695,0.455829057469455,0.16140484641228076,0.41787569657965384,0.90625,0.2515689404878548,0.9975,906.25,251.56894048785477,997.5
LogisticRegression,full_multilevel,zero_shot,0.39139989583333334,0.2866538774878571,0.470475625,0.6548021029807093,0.14586443972581215,0.6519049089475487,0.4135365338463366,0.25374166056356157,0.4107142857142857,0.6027083333333333,0.452748498232203,0.91,602.7083333333334,452.748498232203,910.0
LogisticRegression,instant_behavioral,limited_label_10pct,0.8098607291666666,0.22054387669609318,0.88447875,0.8853890343308919,0.13483319841736488,0.9236851026302174,0.7678513576976754,0.2067469357290027,0.8085145609513534,0.32875000000000004,0.3767934387095208,0.155,328.75,376.79343870952084,155.0
LogisticRegression,instant_behavioral,limited_label_1pct,0.6271584375,0.318810821423699,0.7038875,0.7728335032570831,0.18088552109019815,0.799539377897688,0.6730228625487745,0.20558266737314074,0.6573080232331803,0.3908333333333333,0.3437945563409883,0.2425,390.8333333333333,343.7945563409883,242.5
LogisticRegression,instant_behavioral,limited_label_5pct,0.7712871875,0.23995690633064543,0.8419812499999999,0.8608676414095667,0.14830333730666811,0.913428417820647,0.6746574184258202,0.25540818645958285,0.6125108798174517,0.3520833333333333,0.3730050470858472,0.21875,352.0833333333333,373.0050470858473,218.75
LogisticRegression,instant_behavioral,threshold_calibration,0.44356645833333336,0.24242175466332136,0.420961875,0.6635416902588895,0.13502965611044612,0.6299874428745693,0.4976835331981618,0.258261561154072,0.5209118708536291,0.62625,0.32642258583844125,0.7175,626.25,326.42258583844125,717.5
LogisticRegression,instant_behavioral,unsupervised_alignment,0.3897640625,0.22730641517534225,0.380938125,0.6627893260886794,0.11840326500706527,0.643727695610627,0.4728397873002397,0.15198852970697968,0.4166666666666667,0.6706249999999999,0.3727845542181655,0.8125,670.625,372.78455421816545,812.5
LogisticRegression,instant_behavioral,unsupervised_correction,0.482113125,0.2443197308724941,0.48505250000000005,0.6970496287764462,0.11666354049010626,0.702013162386337,0.4513732358272506,0.11835575036361504,0.4166666666666667,0.95125,0.1665270248338089,1.0,951.25,166.5270248338089,1000.0
LogisticRegression,instant_behavioral,zero_shot,0.44356645833333336,0.24242175466332136,0.420961875,0.6635416902588895,0.13502965611044612,0.6299874428745693,0.3521407789529431,0.19430861846545114,0.2651126328255758,0.445625,0.4258722666481113,0.27249999999999996,445.625,425.8722666481113,272.5
LogisticRegression,instant_only,limited_label_10pct,0.6455860416666667,0.29174785074081433,0.7366925,0.7593658890374687,0.17168124267709,0.7728149414853245,0.7132676354073597,0.21931715039016272,0.8072935463188844,0.4008333333333333,0.2760832658763832,0.27375,400.8333333333333,276.08326587638317,273.75
LogisticRegression,instant_only,limited_label_1pct,0.656843125,0.2313107440886045,0.74808875,0.7467252713620666,0.1323840433175053,0.7499325188592912,0.716147290674695,0.21764369198024403,0.788415057715816,0.34833333333333333,0.2394770185722263,0.2575,348.3333333333333,239.4770185722263,257.5
LogisticRegression,instant_only,limited_label_5pct,0.6886658333333333,0.239690148983426,0.75059,0.7682319807363691,0.1446649252218905,0.7692130999132125,0.6999841496730211,0.2355186904982721,0.8155015494441883,0.3441666666666667,0.22348055979449444,0.25875000000000004,344.1666666666667,223.48055979449444,258.75
LogisticRegression,instant_only,threshold_calibration,0.566658125,0.27730544839647364,0.674995,0.7052428336655027,0.13717847640937422,0.7175383628882042,0.5694633969291091,0.18907808983503452,0.514386146683534,0.7033333333333333,0.3153070893685402,0.7887500000000001,703.3333333333334,315.3070893685402,788.75
LogisticRegression,instant_only,unsupervised_alignment,0.5749733333333333,0.2354953474197414,0.568563125,0.6818610601086027,0.08100871000625327,0.6953692826726012,0.5465814832766213,0.18324542157960916,0.42401860734088515,0.7487499999999999,0.32444445525460064,0.93875,748.75,324.4444552546006,938.75
LogisticRegression,instant_only,unsupervised_correction,0.5942063541666667,0.2687300966638666,0.6495837500000001,0.7540711786992476,0.12701458806342364,0.750415513572084,0.36241807658332764,0.09998750518601872,0.4166666666666667,0.8329166666666667,0.3884743371267407,1.0,832.9166666666666,388.47433712674075,1000.0
LogisticRegression,instant_only,zero_shot,0.566658125,0.27730544839647364,0.674995,0.7052428336655027,0.13717847640937422,0.7175383628882042,0.46115721870774434,0.12340995349999102,0.4166666666666667,0.933125,0.17847563177185738,1.0,933.125,178.4756317718574,1000.0
LogisticRegression,instant_temporal,limited_label_10pct,0.6560921875,0.24324491164275633,0.695599375,0.7934470369044772,0.13017446875983107,0.7874512375309973,0.6430808990626752,0.2222083309569998,0.6670101075137284,0.3302083333333333,0.1983839778094873,0.3025,330.2083333333333,198.38397780948733,302.5
LogisticRegression,instant_temporal,limited_label_1pct,0.5475094791666667,0.22580834374710787,0.5449843750000001,0.7186595942365231,0.11415974873329925,0.7331817372510976,0.5378229665663801,0.19270045994072982,0.4984720699267339,0.4175,0.29458561033794883,0.3825,417.5,294.5856103379488,382.5
LogisticRegression,instant_temporal,limited_label_5pct,0.6393653125,0.2197949693872297,0.638423125,0.7769411075841038,0.11483415198019963,0.7658972600178069,0.6195881631091046,0.213096077569548,0.6181782311882144,0.3402083333333334,0.20438504863629484,0.36,340.2083333333333,204.38504863629484,360.0
LogisticRegression,instant_temporal,threshold_calibration,0.41548802083333336,0.25964910613153075,0.46364375,0.680388860190068,0.13790517773211328,0.6797061123682864,0.45686290766284315,0.1817282227613286,0.41932798476342226,0.6752083333333333,0.3504841753873771,0.81125,675.2083333333334,350.4841753873771,811.25
LogisticRegression,instant_temporal,unsupervised_alignment,0.5107955208333333,0.21284148745941667,0.48928999999999995,0.7095249122514994,0.11775882286329481,0.6796170729711617,0.46676354610011117,0.20938390907884494,0.41617974401780744,0.5339583333333333,0.27890707627625677,0.48,533.9583333333334,278.90707627625676,480.0
LogisticRegression,instant_temporal,unsupervised_correction,0.41609687500000003,0.22522994107253985,0.47361437500000003,0.6777349004310554,0.09854408603247601,0.6989558647383434,0.389118184522618,0.1939810587199887,0.4160581655823482,0.7789583333333333,0.3985862207588063,0.99125,778.9583333333334,398.5862207588063,991.25
LogisticRegression,instant_temporal,zero_shot,0.41548802083333336,0.25964910613153075,0.46364375,0.680388860190068,0.13790517773211328,0.6797061123682864,0.44873299731962807,0.15989651784910147,0.4166666666666667,0.6687500000000001,0.42444147792342135,0.94625,668.75,424.44147792342136,946.25
RandomForest,baseline_common,limited_label_10pct,0.9327873958333334,0.09705243863947384,0.980410625,0.9742361153432398,0.03238578133428712,0.9874649900208444,0.888073622755457,0.09477990347613939,0.9044131017373139,0.24750000000000003,0.20656277936303485,0.21125,247.5,206.56277936303485,211.25
RandomForest,baseline_common,limited_label_1pct,0.8985313541666667,0.11944897792888477,0.952954375,0.9582274887946265,0.04879840587968843,0.979328150723899,0.8668434331099241,0.13261248105091075,0.9154545628068792,0.24645833333333333,0.23768882047498124,0.16,246.45833333333334,237.68882047498127,160.0
RandomForest,baseline_common,limited_label_5pct,0.926355,0.09489542767418199,0.9693456249999999,0.9731315634043743,0.0330809467954221,0.9874382956071543,0.8751505457331809,0.08990795142076848,0.8950378817826656,0.27770833333333333,0.19159159432279776,0.265,277.7083333333333,191.5915943227978,265.0
RandomForest,baseline_common,threshold_calibration,0.4940676041666667,0.1890715486989064,0.464443125,0.68193299731334,0.1841294233826521,0.6813722903926649,0.48892744107679126,0.16046254270023197,0.42661833784020353,0.8029166666666666,0.2480694398141314,0.9075,802.9166666666666,248.0694398141314,907.5
RandomForest,baseline_common,unsupervised_alignment,0.4883069791666667,0.22710615624753092,0.551549375,0.7529556597039501,0.1437727109234991,0.7878281890425669,0.44447578160175977,0.11630601021904251,0.4166666666666667,0.893125,0.161664372445452,1.0,893.125,161.664372445452,1000.0
RandomForest,baseline_common,unsupervised_correction,0.4608596875,0.1778461548683468,0.49502,0.6770100933388679,0.20148927921227353,0.6915166170700483,0.3189710651581377,0.10090421713156289,0.30615489336428536,0.4925,0.5146391056759184,0.47625,492.5,514.6391056759184,476.25
RandomForest,baseline_common,zero_shot,0.4940676041666667,0.1890715486989064,0.464443125,0.68193299731334,0.1841294233826521,0.6813722903926649,0.3958882555703503,0.1912569495589382,0.4092852096067222,0.5593750000000001,0.41568006299644356,0.4425,559.375,415.68006299644355,442.5
RandomForest,full_multilevel,limited_label_10pct,0.9955474999999999,0.0048092310326080245,0.9970987499999999,0.9973924732040839,0.0028598414663084373,0.9986996768972849,0.848922864173845,0.2075025844952884,0.9685635471908656,0.29916666666666664,0.37158954220858786,0.08499999999999999,299.1666666666667,371.58954220858783,85.0
RandomForest,full_multilevel,limited_label_1pct,0.9364157291666667,0.08361911605447933,0.974375,0.96168128978901,0.05070130335011064,0.9861160202860668,0.7280454495528995,0.16742089059904247,0.703811212675514,0.3797916666666667,0.2982857429876543,0.29874999999999996,379.7916666666667,298.2857429876543,298.75
RandomForest,full_multilevel,limited_label_5pct,0.9923121875,0.006594088544195725,0.9926625,0.9952568360252784,0.004971445236084447,0.9971804562023201,0.8397052883290709,0.2021675126348291,0.9361260109977965,0.3229166666666667,0.35080076146214995,0.1725,322.9166666666667,350.80076146215,172.5
RandomForest,full_multilevel,threshold_calibration,0.3180488541666667,0.18512583569915905,0.294583125,0.5725229936039464,0.0869522577167501,0.5889768523651067,0.4000803743751183,0.1873295605021552,0.3851470136055037,0.8352083333333334,0.2216940416566503,0.93125,835.2083333333334,221.6940416566503,931.25
RandomForest,full_multilevel,unsupervised_alignment,0.606570625,0.19391464965691094,0.54144375,0.7606631154726853,0.11547860368169555,0.7444518757340721,0.4751392891141733,0.13767372911175052,0.4166666666666667,0.8535416666666666,0.27584469101399445,1.0,853.5416666666666,275.84469101399446,1000.0
RandomForest,full_multilevel,unsupervised_correction,0.48881645833333337,0.22605045362620207,0.52736,0.6769183147691997,0.14502951217165977,0.6760556285211113,0.3368360738690241,0.12695787156109084,0.4166666666666667,0.7454166666666667,0.4497749858304571,1.0,745.4166666666666,449.7749858304571,1000.0
RandomForest,full_multilevel,zero_shot,0.3180488541666667,0.18512583569915905,0.294583125,0.5725229935851843,0.08695225771376211,0.5889768522525339,0.3378573134515133,0.12339046287913989,0.38782051282051283,0.6266666666666666,0.4386359711098887,0.89375,626.6666666666666,438.6359711098887,893.75
RandomForest,instant_behavioral,limited_label_10pct,0.9938059375,0.005938415267374294,0.9954918749999999,0.9959359224333876,0.0046465709213749625,0.997532115239502,0.8909098845056701,0.13575575787707356,0.9552061517419792,0.24458333333333335,0.2727257891373789,0.12000000000000001,244.58333333333334,272.72578913737885,120.0
RandomForest,instant_behavioral,limited_label_1pct,0.96974625,0.035627572706147345,0.97827875,0.980404137915,0.024077307915096546,0.9859130223646599,0.8472049415495575,0.1084580189364409,0.8896554009386125,0.3466666666666667,0.22774420792288932,0.27125,346.6666666666667,227.7442079228893,271.25
RandomForest,instant_behavioral,limited_label_5pct,0.9899502083333332,0.010478461985313079,0.989184375,0.9940315328623989,0.0065234626266115,0.9955493313621977,0.8725488580358395,0.1464262144865384,0.9375951980479926,0.2833333333333333,0.2834233368634063,0.16875,283.3333333333333,283.4233368634063,168.75
RandomForest,instant_behavioral,threshold_calibration,0.4157458333333333,0.23268553644223974,0.387766875,0.6137607144877765,0.1376924703872127,0.5985704982993276,0.48728516537864236,0.2019629860745653,0.5021606324130095,0.7529166666666667,0.28457271265509415,0.895,752.9166666666666,284.57271265509416,895.0
RandomForest,instant_behavioral,unsupervised_alignment,0.6183230208333333,0.22530875590159757,0.611163125,0.813325300566813,0.12887195308042643,0.8603708291311818,0.5040792902407636,0.14145780047696185,0.4166666666666667,0.7777083333333333,0.3051181930702007,0.9299999999999999,777.7083333333334,305.1181930702007,930.0
RandomForest,instant_behavioral,unsupervised_correction,0.5149519791666667,0.21129815037552707,0.533173125,0.7025105725655582,0.1615398147367583,0.671626578207714,0.3194444444444445,0.10154529930749043,0.3194444444444444,0.5,0.5222329678670935,0.5,500.0,522.2329678670935,500.0
RandomForest,instant_behavioral,zero_shot,0.4157458333333333,0.23268553644223974,0.387766875,0.6137607144877765,0.1376924703872127,0.5985704982993276,0.37044955790309014,0.13998022577561706,0.41649832307295404,0.5158333333333334,0.46565122206009574,0.5762499999999999,515.8333333333334,465.6512220600958,576.25
RandomForest,instant_only,limited_label_10pct,0.9344266666666666,0.10639801540000926,0.989155625,0.9610063597617989,0.061560057619057744,0.9920038616289357,0.9014546228148994,0.08166657090873994,0.9161515228069668,0.19062500000000002,0.12102368757621564,0.20375,190.625,121.02368757621565,203.75
RandomForest,instant_only,limited_label_1pct,0.9196839583333333,0.11636021229383475,0.977445625,0.9494109568559264,0.07995602673874216,0.9911443108276754,0.8837535237762516,0.09724582056457362,0.9238963695628621,0.22312500000000002,0.14793704511778588,0.18125000000000002,223.125,147.93704511778589,181.25
RandomForest,instant_only,limited_label_5pct,0.9387034375,0.09554588670491625,0.98766,0.9682341972740955,0.051805280128997606,0.9954691781033627,0.9000210322880516,0.07152498377800569,0.9083284814173453,0.21020833333333333,0.11889385226352374,0.22625,210.20833333333334,118.89385226352374,226.25
RandomForest,instant_only,threshold_calibration,0.5298578125,0.21706029935350507,0.45145875,0.6479018136343311,0.12455674536203817,0.6476965356534912,0.5914622834909936,0.19313877012053193,0.5405498476675079,0.680625,0.2848965621701386,0.71375,680.625,284.89656217013857,713.75
RandomForest,instant_only,unsupervised_alignment,0.5745469791666666,0.19142871997084362,0.5227912499999998,0.7698820374283862,0.1349342612862169,0.7390034200077399,0.458362729981102,0.17277601485964938,0.4166666666666667,0.7077083333333333,0.40534140819433895,0.895,707.7083333333334,405.34140819433895,895.0
RandomForest,instant_only,unsupervised_correction,0.5577835416666667,0.2545227074616114,0.594541875,0.6770164672570331,0.21326966133219832,0.7044896268840972,0.31941916770158,0.10159090384680312,0.3216839398160883,0.5022916666666667,0.519894502337355,0.51375,502.2916666666667,519.8945023373551,513.75
RandomForest,instant_only,zero_shot,0.5298548958333333,0.21705766412921815,0.45145875,0.64790040812093,0.12455401517988204,0.6476965356534912,0.3864026793304438,0.17359815437586681,0.4147140823762664,0.623125,0.47545328252483054,1.0,623.125,475.4532825248305,1000.0
RandomForest,instant_temporal,limited_label_10pct,0.9904224999999999,0.009978795401773431,0.993625,0.9964529855075949,0.003394872672995496,0.9972776156279711,0.8788172722552475,0.16189041931618017,0.9431049850993896,0.21416666666666664,0.31363219145226706,0.06,214.16666666666666,313.6321914522671,60.0
RandomForest,instant_temporal,limited_label_1pct,0.9305611458333333,0.07571264279193597,0.9522356249999999,0.9560884623822505,0.05892991188293633,0.9812783725017907,0.7188458530785877,0.1990030514977584,0.8096751026219151,0.3047916666666667,0.26542302927533806,0.21250000000000002,304.7916666666667,265.4230292753381,212.5
RandomForest,instant_temporal,limited_label_5pct,0.9882162500000001,0.011250914697663037,0.991395,0.9952893725214901,0.004037118461993222,0.9963227501991925,0.8489447738227033,0.18034402987586992,0.9349752995567657,0.27541666666666664,0.3437491046820296,0.11125,275.4166666666667,343.74910468202967,111.25
RandomForest,instant_temporal,threshold_calibration,0.42650187500000003,0.17676403186514386,0.401968125,0.6248132255653852,0.07911865000790505,0.6365608429092223,0.5023738700099998,0.19014740932195676,0.4716349649638157,0.7264583333333333,0.21372629675414867,0.7275,726.4583333333334,213.72629675414868,727.5
RandomForest,instant_temporal,unsupervised_alignment,0.552016875,0.26117893630019906,0.54440375,0.7580884340242218,0.14259301349771325,0.728926687078472,0.46433961231713344,0.21341228205131613,0.41896721579228546,0.7654166666666667,0.3256476646855487,0.9075,765.4166666666666,325.64766468554865,907.5
RandomForest,instant_temporal,unsupervised_correction,0.4653903125,0.2288417173600497,0.46463062499999996,0.7020168291239152,0.16396416588953777,0.7029425054271629,0.36237249198009674,0.17149793261304833,0.4166666666666667,0.7108333333333333,0.4430785038862307,0.99875,710.8333333333334,443.0785038862308,998.75
RandomForest,instant_temporal,zero_shot,0.42650187500000003,0.17676403186514386,0.401968125,0.6248132255653852,0.07911865000790505,0.6365608429092223,0.40871005050885073,0.17290801850932103,0.4166666666666667,0.6735416666666666,0.4281586610301741,0.9975,673.5416666666666,428.1586610301741,997.5
