comparison,metric,model,ttest_pvalue,cohens_dz,is_significant_uncorrected,is_significant_holm
full_multilevel vs baseline_common,roc_auc,LogisticRegression,0.12827796752949208,0.4747836686865756,False,False
full_multilevel vs instant_only,roc_auc,LogisticRegression,0.22245093928946283,0.37330579069557124,False,False
full_multilevel vs instant_temporal,roc_auc,LogisticRegression,0.03744270069366722,0.6828857781446787,True,False
full_multilevel vs instant_behavioral,roc_auc,LogisticRegression,0.5882102355499291,0.16099795339006295,False,False
unsupervised_alignment vs zero_shot,roc_auc,LogisticRegression,0.9648438224971355,-0.013016323545209057,False,False
unsupervised_correction vs zero_shot,roc_auc,LogisticRegression,0.6798954369902939,0.12233433399681971,False,False
limited_label_1pct vs zero_shot,roc_auc,LogisticRegression,0.020599866630002364,0.7798683084782212,True,False
limited_label_5pct vs zero_shot,roc_auc,LogisticRegression,0.004558342676617912,1.0245701342575737,True,False
limited_label_10pct vs zero_shot,roc_auc,LogisticRegression,0.002362399653486338,1.1337571942056377,True,False
full_multilevel vs baseline_common,macro_f1,LogisticRegression,0.05602784691195719,0.6165069438960928,False,False
full_multilevel vs instant_only,macro_f1,LogisticRegression,0.9681169075367775,-0.011803712349592665,False,False
full_multilevel vs instant_temporal,macro_f1,LogisticRegression,0.28776620818652343,0.3224727513729841,False,False
full_multilevel vs instant_behavioral,macro_f1,LogisticRegression,0.6457649449484906,0.1364160074614894,False,False
unsupervised_alignment vs zero_shot,macro_f1,LogisticRegression,0.7384721061565283,0.09885450596336544,False,False
unsupervised_correction vs zero_shot,macro_f1,LogisticRegression,0.6881161762541051,0.11899006572772598,False,False
limited_label_1pct vs zero_shot,macro_f1,LogisticRegression,0.04499492971202911,0.6527606136579912,True,False
limited_label_5pct vs zero_shot,macro_f1,LogisticRegression,0.02508314320654476,0.7480237581760538,True,False
limited_label_10pct vs zero_shot,macro_f1,LogisticRegression,0.01010738825525154,0.8948408981332439,True,False
full_multilevel vs baseline_common,fpr,LogisticRegression,0.6187411863687554,-0.14781541710130913,False,False
full_multilevel vs instant_only,fpr,LogisticRegression,0.9005740550883624,-0.0369074908564283,False,False
full_multilevel vs instant_temporal,fpr,LogisticRegression,0.9124184138836121,-0.032489116586978936,False,False
full_multilevel vs instant_behavioral,fpr,LogisticRegression,0.7286483845271579,-0.10273893912365775,False,False
unsupervised_alignment vs zero_shot,fpr,LogisticRegression,0.5370287351541168,0.1839447729645848,False,False
unsupervised_correction vs zero_shot,fpr,LogisticRegression,0.09559459201429717,0.5262107111434028,False,False
limited_label_1pct vs zero_shot,fpr,LogisticRegression,0.3710747637396112,-0.2692008491322174,False,False
limited_label_5pct vs zero_shot,fpr,LogisticRegression,0.20381677111564836,-0.390011772802881,False,False
limited_label_10pct vs zero_shot,fpr,LogisticRegression,0.20492581419033917,-0.3889829331480134,False,False
full_multilevel vs baseline_common,roc_auc,RandomForest,0.033008348795988476,0.7034489907376341,True,False
full_multilevel vs instant_only,roc_auc,RandomForest,0.07509357873601934,0.5674199530755316,False,False
full_multilevel vs instant_temporal,roc_auc,RandomForest,0.20102821442269844,0.3926193543170716,False,False
full_multilevel vs instant_behavioral,roc_auc,RandomForest,0.22919723468037922,0.3675399364748928,False,False
unsupervised_alignment vs zero_shot,roc_auc,RandomForest,0.002627676674061071,1.115910338427446,True,False
unsupervised_correction vs zero_shot,roc_auc,RandomForest,0.08250042239318002,0.5514525646375732,False,False
limited_label_1pct vs zero_shot,roc_auc,RandomForest,1.2602836551948702e-06,2.7359653521007536,True,True
limited_label_5pct vs zero_shot,roc_auc,RandomForest,7.438351617080755e-08,3.6177008105468342,True,True
limited_label_10pct vs zero_shot,roc_auc,RandomForest,7.475728674643465e-08,3.6159466352099923,True,True
full_multilevel vs baseline_common,macro_f1,RandomForest,0.6085328021819569,-0.15218534047620944,False,False
full_multilevel vs instant_only,macro_f1,RandomForest,0.3846545320354223,-0.26136719372094985,False,False
full_multilevel vs instant_temporal,macro_f1,RandomForest,0.3176034991385899,-0.3022149071537805,False,False
full_multilevel vs instant_behavioral,macro_f1,RandomForest,0.06872372955765475,-0.5823698029704668,False,False
unsupervised_alignment vs zero_shot,macro_f1,RandomForest,0.04972768866304947,0.6362721126761476,True,False
unsupervised_correction vs zero_shot,macro_f1,RandomForest,0.9801413705429918,-0.00735066529672412,False,False
limited_label_1pct vs zero_shot,macro_f1,RandomForest,0.0002150839084918135,1.560232307719954,True,True
limited_label_5pct vs zero_shot,macro_f1,RandomForest,8.562072819024653e-06,2.2443550884692134,True,True
limited_label_10pct vs zero_shot,macro_f1,RandomForest,6.6949558832023354e-06,2.303429857542735,True,True
full_multilevel vs baseline_common,fpr,RandomForest,0.7278995090410347,0.10303586989904426,False,False
full_multilevel vs instant_only,fpr,RandomForest,0.35165785241789466,0.28076319182251647,False,False
full_multilevel vs instant_temporal,fpr,RandomForest,0.04107206259293862,0.667741853243861,True,False
full_multilevel vs instant_behavioral,fpr,RandomForest,0.07049239940300708,0.5780931981741908,False,False
unsupervised_alignment vs zero_shot,fpr,RandomForest,0.036833272924951095,0.6855671627752982,True,False
unsupervised_correction vs zero_shot,fpr,RandomForest,0.39944775154714873,0.2530500757839527,False,False
limited_label_1pct vs zero_shot,fpr,RandomForest,0.12561727840366899,-0.4785013510931396,False,False
limited_label_5pct vs zero_shot,fpr,RandomForest,0.07723759598778719,-0.562652958516531,False,False
limited_label_10pct vs zero_shot,fpr,RandomForest,0.06205394628695524,-0.5994834062837422,False,False
