model_name,adaptation_method,feature_profile,roc_auc,roc_auc,roc_auc,macro_f1,macro_f1,macro_f1,fpr,fpr,fpr
,,,mean,std,median,mean,std,median,mean,std,median
LogisticRegression,limited_label_10pct,baseline_common,0.633153125,0.29576821678340115,0.6826162499999999,0.5630796495179639,0.18822035214612176,0.5769697718718756,0.49791666666666673,0.39323950794148416,0.5575
LogisticRegression,limited_label_10pct,full_multilevel,0.8292028125,0.1812827097296113,0.877839375,0.727815363445357,0.21653594069306792,0.6437342515291232,0.3233333333333333,0.36457062748422625,0.20625
LogisticRegression,limited_label_10pct,instant_behavioral,0.8098607291666666,0.2205438766960932,0.88447875,0.7678513576976754,0.20674693572900274,0.8085145609513534,0.32875000000000004,0.3767934387095208,0.155
LogisticRegression,limited_label_10pct,instant_only,0.6455860416666667,0.29174785074081433,0.7366925,0.7132676354073597,0.21931715039016272,0.8072935463188844,0.4008333333333333,0.2760832658763832,0.27375
LogisticRegression,limited_label_10pct,instant_temporal,0.6560921875,0.2432449116427563,0.695599375,0.6430808990626752,0.2222083309569998,0.6670101075137284,0.3302083333333333,0.1983839778094873,0.3025
LogisticRegression,limited_label_1pct,baseline_common,0.5878227083333333,0.284609195525713,0.64593,0.4864284455226456,0.20263880553331115,0.4309629414015046,0.413125,0.4194261840462948,0.37375
LogisticRegression,limited_label_1pct,full_multilevel,0.6605138541666667,0.2739102404376432,0.663595,0.6600093353673554,0.2126423528676966,0.6805040861428981,0.43333333333333335,0.3314488396922417,0.32
LogisticRegression,limited_label_1pct,instant_behavioral,0.6271584375,0.318810821423699,0.7038875,0.6730228625487745,0.20558266737314074,0.6573080232331803,0.3908333333333333,0.3437945563409883,0.2425
LogisticRegression,limited_label_1pct,instant_only,0.656843125,0.2313107440886045,0.74808875,0.716147290674695,0.21764369198024403,0.788415057715816,0.34833333333333333,0.2394770185722263,0.2575
LogisticRegression,limited_label_1pct,instant_temporal,0.5475094791666667,0.2258083437471079,0.5449843750000001,0.5378229665663801,0.19270045994072982,0.4984720699267339,0.4175,0.29458561033794883,0.3825
LogisticRegression,limited_label_5pct,baseline_common,0.6083233333333333,0.29679682973399757,0.6826162499999999,0.49201658367686935,0.21540900942973543,0.4180003911992979,0.41250000000000003,0.4659789304639896,0.12375
LogisticRegression,limited_label_5pct,full_multilevel,0.7958203125000001,0.19381550689755445,0.8007943750000001,0.696227698988508,0.2389628914355702,0.6424744622224363,0.32583333333333336,0.35184793547350773,0.2
LogisticRegression,limited_label_5pct,instant_behavioral,0.7712871875,0.23995690633064545,0.8419812499999999,0.6746574184258202,0.25540818645958285,0.6125108798174517,0.3520833333333333,0.3730050470858472,0.21875
LogisticRegression,limited_label_5pct,instant_only,0.6886658333333333,0.239690148983426,0.75059,0.6999841496730211,0.2355186904982721,0.8155015494441883,0.3441666666666667,0.22348055979449444,0.25875000000000004
LogisticRegression,limited_label_5pct,instant_temporal,0.6393653125,0.21979496938722973,0.638423125,0.6195881631091046,0.213096077569548,0.6181782311882144,0.3402083333333334,0.20438504863629484,0.36
LogisticRegression,threshold_calibration,baseline_common,0.48707354166666667,0.22996416798813546,0.5146437500000001,0.5262717879024069,0.19272029288262188,0.42600240922388577,0.7602083333333334,0.28751177512118237,0.92
LogisticRegression,threshold_calibration,full_multilevel,0.39139989583333334,0.28665387748785714,0.470475625,0.41788746586368736,0.25595775717453967,0.43729814125304084,0.708125,0.3228075084318827,0.8587499999999999
LogisticRegression,threshold_calibration,instant_behavioral,0.44356645833333336,0.24242175466332136,0.420961875,0.4976835331981618,0.25826156115407206,0.5209118708536291,0.62625,0.32642258583844125,0.7175
LogisticRegression,threshold_calibration,instant_only,0.5666581249999999,0.2773054483964737,0.674995,0.5694633969291091,0.18907808983503455,0.514386146683534,0.7033333333333333,0.3153070893685402,0.7887500000000001
LogisticRegression,threshold_calibration,instant_temporal,0.41548802083333336,0.25964910613153075,0.46364375,0.45686290766284304,0.1817282227613286,0.41932798476342226,0.6752083333333333,0.3504841753873771,0.81125
LogisticRegression,unsupervised_alignment,baseline_common,0.465441875,0.23976680847118984,0.4514625,0.4301978389766294,0.029900218841747737,0.4166666666666667,0.9454166666666667,0.13298510397329422,1.0
LogisticRegression,unsupervised_alignment,full_multilevel,0.38936322916666666,0.23140837422139524,0.41178250000000005,0.43732322719937905,0.16455768793960976,0.4166666666666667,0.6575,0.3528616777667471,0.7637499999999999
LogisticRegression,unsupervised_alignment,instant_behavioral,0.3897640625,0.22730641517534225,0.380938125,0.4728397873002397,0.1519885297069797,0.4166666666666667,0.6706249999999999,0.3727845542181655,0.8125
LogisticRegression,unsupervised_alignment,instant_only,0.5749733333333333,0.23549534741974143,0.568563125,0.5465814832766213,0.18324542157960916,0.42401860734088515,0.7487499999999999,0.32444445525460064,0.93875
LogisticRegression,unsupervised_alignment,instant_temporal,0.5107955208333333,0.2128414874594167,0.48928999999999995,0.4667635461001111,0.20938390907884497,0.41617974401780744,0.5339583333333333,0.27890707627625677,0.48
LogisticRegression,unsupervised_correction,baseline_common,0.5071139583333333,0.27562394359817827,0.5282312499999999,0.3624356104154103,0.10063077974684077,0.4166666666666667,0.8197916666666667,0.3855492810342935,1.0
LogisticRegression,unsupervised_correction,full_multilevel,0.44535041666666664,0.25856759796177037,0.47337312500000006,0.455829057469455,0.16140484641228078,0.41787569657965384,0.90625,0.2515689404878548,0.9975
LogisticRegression,unsupervised_correction,instant_behavioral,0.482113125,0.24431973087249415,0.48505250000000005,0.4513732358272506,0.11835575036361504,0.4166666666666667,0.95125,0.1665270248338089,1.0
LogisticRegression,unsupervised_correction,instant_only,0.5942063541666667,0.26873009666386666,0.6495837500000001,0.3624180765833276,0.09998750518601875,0.4166666666666667,0.8329166666666667,0.3884743371267407,1.0
LogisticRegression,unsupervised_correction,instant_temporal,0.416096875,0.22522994107253988,0.4736143749999999,0.389118184522618,0.19398105871998875,0.4160581655823482,0.7789583333333333,0.3985862207588063,0.99125
LogisticRegression,zero_shot,baseline_common,0.48707354166666667,0.22996416798813546,0.5146437500000001,0.3903791716690244,0.05992260355704588,0.4166666666666667,0.9175,0.2826437687266429,1.0
LogisticRegression,zero_shot,full_multilevel,0.39139989583333334,0.28665387748785714,0.470475625,0.4135365338463366,0.25374166056356157,0.4107142857142857,0.6027083333333333,0.452748498232203,0.91
LogisticRegression,zero_shot,instant_behavioral,0.44356645833333336,0.24242175466332136,0.420961875,0.3521407789529431,0.19430861846545114,0.26511263282557573,0.445625,0.4258722666481113,0.27249999999999996
LogisticRegression,zero_shot,instant_only,0.5666581249999999,0.2773054483964737,0.674995,0.46115721870774434,0.12340995349999102,0.4166666666666667,0.933125,0.17847563177185738,1.0
LogisticRegression,zero_shot,instant_temporal,0.41548802083333336,0.25964910613153075,0.46364375,0.44873299731962807,0.15989651784910147,0.4166666666666667,0.6687500000000001,0.42444147792342135,0.94625
RandomForest,limited_label_10pct,baseline_common,0.9327873958333334,0.09705243863947388,0.980410625,0.888073622755457,0.09477990347613939,0.904413101737314,0.24750000000000003,0.20656277936303485,0.21125
RandomForest,limited_label_10pct,full_multilevel,0.9955474999999999,0.004809231032608017,0.99709875,0.848922864173845,0.20750258449528847,0.9685635471908656,0.29916666666666664,0.37158954220858786,0.08499999999999999
RandomForest,limited_label_10pct,instant_behavioral,0.9938059375,0.005938415267374275,0.9954918749999999,0.8909098845056701,0.13575575787707356,0.9552061517419792,0.24458333333333335,0.2727257891373789,0.12000000000000001
RandomForest,limited_label_10pct,instant_only,0.9344266666666666,0.10639801540000926,0.989155625,0.9014546228148994,0.08166657090873997,0.9161515228069665,0.19062500000000002,0.12102368757621564,0.20375
RandomForest,limited_label_10pct,instant_temporal,0.9904224999999999,0.009978795401773415,0.993625,0.8788172722552475,0.16189041931618017,0.9431049850993896,0.21416666666666664,0.31363219145226706,0.06
RandomForest,limited_label_1pct,baseline_common,0.8985313541666667,0.11944897792888477,0.952954375,0.8668434331099241,0.13261248105091075,0.9154545628068792,0.24645833333333333,0.23768882047498124,0.16
RandomForest,limited_label_1pct,full_multilevel,0.9364157291666667,0.08361911605447934,0.974375,0.7280454495528995,0.1674208905990425,0.703811212675514,0.3797916666666667,0.2982857429876543,0.29874999999999996
RandomForest,limited_label_1pct,instant_behavioral,0.96974625,0.03562757270614736,0.97827875,0.8472049415495575,0.10845801893644087,0.8896554009386124,0.3466666666666667,0.22774420792288932,0.27125
RandomForest,limited_label_1pct,instant_only,0.9196839583333333,0.11636021229383475,0.977445625,0.8837535237762516,0.09724582056457359,0.9238963695628621,0.22312500000000002,0.14793704511778588,0.18125000000000002
RandomForest,limited_label_1pct,instant_temporal,0.9305611458333333,0.07571264279193599,0.9522356249999999,0.7188458530785877,0.1990030514977584,0.8096751026219151,0.3047916666666667,0.26542302927533806,0.21250000000000002
RandomForest,limited_label_5pct,baseline_common,0.926355,0.09489542767418202,0.9693456250000001,0.8751505457331809,0.08990795142076848,0.8950378817826656,0.27770833333333333,0.19159159432279776,0.265
RandomForest,limited_label_5pct,full_multilevel,0.9923121875,0.0065940885441957454,0.9926625,0.8397052883290709,0.2021675126348291,0.9361260109977964,0.3229166666666667,0.35080076146214995,0.1725
RandomForest,limited_label_5pct,instant_behavioral,0.9899502083333332,0.010478461985313096,0.989184375,0.8725488580358395,0.1464262144865384,0.9375951980479926,0.2833333333333333,0.2834233368634063,0.16875
RandomForest,limited_label_5pct,instant_only,0.9387034375000001,0.09554588670491626,0.98766,0.9000210322880516,0.07152498377800567,0.9083284814173453,0.21020833333333333,0.11889385226352374,0.22625
RandomForest,limited_label_5pct,instant_temporal,0.9882162499999999,0.011250914697663025,0.991395,0.8489447738227032,0.18034402987586992,0.9349752995567656,0.27541666666666664,0.3437491046820296,0.11125
RandomForest,threshold_calibration,baseline_common,0.4940676041666667,0.18907154869890644,0.464443125,0.48892744107679126,0.16046254270023197,0.42661833784020353,0.8029166666666666,0.2480694398141314,0.9075
RandomForest,threshold_calibration,full_multilevel,0.3180488541666666,0.18512583569915908,0.29458312499999995,0.4000803743751183,0.18732956050215527,0.38514701360550363,0.8352083333333334,0.2216940416566503,0.93125
RandomForest,threshold_calibration,instant_behavioral,0.4157458333333333,0.23268553644223974,0.387766875,0.48728516537864236,0.20196298607456536,0.5021606324130095,0.7529166666666667,0.28457271265509415,0.895
RandomForest,threshold_calibration,instant_only,0.5298578125,0.2170602993535051,0.45145875,0.5914622834909936,0.19313877012053193,0.5405498476675079,0.680625,0.2848965621701386,0.71375
RandomForest,threshold_calibration,instant_temporal,0.42650187500000003,0.1767640318651439,0.401968125,0.5023738700099998,0.19014740932195676,0.4716349649638157,0.7264583333333333,0.21372629675414867,0.7275
RandomForest,unsupervised_alignment,baseline_common,0.4883069791666666,0.22710615624753097,0.551549375,0.44447578160175977,0.11630601021904251,0.4166666666666667,0.893125,0.161664372445452,1.0
RandomForest,unsupervised_alignment,full_multilevel,0.606570625,0.19391464965691094,0.54144375,0.4751392891141733,0.13767372911175052,0.4166666666666667,0.8535416666666666,0.27584469101399445,1.0
RandomForest,unsupervised_alignment,instant_behavioral,0.6183230208333333,0.22530875590159757,0.611163125,0.5040792902407636,0.14145780047696185,0.4166666666666667,0.7777083333333333,0.3051181930702007,0.9299999999999999
RandomForest,unsupervised_alignment,instant_only,0.5745469791666666,0.19142871997084365,0.5227912499999998,0.458362729981102,0.1727760148596494,0.4166666666666667,0.7077083333333333,0.40534140819433895,0.895
RandomForest,unsupervised_alignment,instant_temporal,0.552016875,0.261178936300199,0.54440375,0.46433961231713344,0.21341228205131613,0.41896721579228546,0.7654166666666667,0.3256476646855487,0.9075
RandomForest,unsupervised_correction,baseline_common,0.4608596875,0.1778461548683468,0.49502,0.3189710651581377,0.10090421713156289,0.30615489336428536,0.4925,0.5146391056759184,0.47625
RandomForest,unsupervised_correction,full_multilevel,0.48881645833333337,0.2260504536262021,0.52736,0.3368360738690241,0.1269578715610908,0.4166666666666667,0.7454166666666667,0.4497749858304571,1.0
RandomForest,unsupervised_correction,instant_behavioral,0.5149519791666667,0.21129815037552707,0.533173125,0.3194444444444445,0.10154529930749043,0.3194444444444444,0.5,0.5222329678670935,0.5
RandomForest,unsupervised_correction,instant_only,0.5577835416666667,0.2545227074616114,0.594541875,0.31941916770158,0.10159090384680312,0.3216839398160883,0.5022916666666667,0.519894502337355,0.51375
RandomForest,unsupervised_correction,instant_temporal,0.4653903125,0.22884171736004974,0.46463062499999996,0.36237249198009674,0.17149793261304835,0.4166666666666667,0.7108333333333333,0.4430785038862307,0.99875
RandomForest,zero_shot,baseline_common,0.4940676041666667,0.18907154869890644,0.464443125,0.3958882555703503,0.19125694955893824,0.4092852096067222,0.5593750000000001,0.41568006299644356,0.4425
RandomForest,zero_shot,full_multilevel,0.3180488541666666,0.18512583569915908,0.29458312499999995,0.33785731345151326,0.12339046287913992,0.38782051282051283,0.6266666666666666,0.4386359711098887,0.89375
RandomForest,zero_shot,instant_behavioral,0.4157458333333333,0.23268553644223977,0.387766875,0.37044955790309014,0.13998022577561708,0.41649832307295404,0.5158333333333334,0.46565122206009574,0.5762499999999999
RandomForest,zero_shot,instant_only,0.5298548958333333,0.21705766412921815,0.45145875,0.3864026793304438,0.17359815437586684,0.4147140823762664,0.623125,0.47545328252483054,1.0
RandomForest,zero_shot,instant_temporal,0.42650187500000003,0.1767640318651439,0.401968125,0.40871005050885073,0.17290801850932103,0.4166666666666667,0.6735416666666666,0.4281586610301741,0.9975
