feature_profile,adaptation_method,roc_auc,roc_auc,macro_f1,macro_f1,fpr,fpr
,,mean,std,mean,std,mean,std
baseline_common,limited_label_10pct,0.7829702604166666,0.26412796063099714,0.7255766361367105,0.22089127145928358,0.37270833333333336,0.3327495113728051
baseline_common,limited_label_1pct,0.74317703125,0.26598579180262855,0.6766359393162849,0.2565174363688832,0.32979166666666665,0.3440945243195053
baseline_common,limited_label_5pct,0.7673391666666666,0.26985449780644344,0.6835835647050251,0.25367551072698924,0.3451041666666667,0.3551664330976047
baseline_common,zero_shot,0.49057057291666667,0.2059169061418987,0.39313371361968735,0.13863487090676083,0.7384375,0.3928144077899782
full_multilevel,limited_label_10pct,0.91237515625,0.1514818650944334,0.7883691138096011,0.21643340761384341,0.31124999999999997,0.360217325706483
full_multilevel,limited_label_1pct,0.7984647916666666,0.2430727041013998,0.6940273924601273,0.19036409625216283,0.4065625,0.3095831809448198
full_multilevel,limited_label_5pct,0.89406625,0.16750621033790453,0.7679664936587894,0.22853403751701906,0.324375,0.34360560208269114
full_multilevel,zero_shot,0.354724375,0.23894191377321958,0.37569692364892493,0.19891821231495824,0.6146874999999999,0.4361219367906183
instant_behavioral,limited_label_10pct,0.9018333333333333,0.17918154111756182,0.8293806211016728,0.18222937524523086,0.2866666666666667,0.3245319930187987
instant_behavioral,limited_label_1pct,0.7984523437500001,0.2825508617063369,0.7601139020491661,0.18372208511118218,0.36874999999999997,0.2860820420484458
instant_behavioral,limited_label_5pct,0.8806186979166667,0.2001587810751887,0.7736031382308298,0.22730748081755137,0.3177083333333333,0.32587250496590475
instant_behavioral,zero_shot,0.4296561458333333,0.23281485918236144,0.36129516842801657,0.16587902864534945,0.48072916666666665,0.43786815514059924
instant_only,limited_label_10pct,0.7900063541666666,0.2605499407127614,0.8073611291111296,0.18823550319248464,0.29572916666666665,0.23449121514863633
instant_only,limited_label_1pct,0.7882635416666667,0.22380113209285082,0.7999504072254733,0.1857571913621925,0.28572916666666665,0.20490119459657
instant_only,limited_label_5pct,0.8136846354166667,0.21943574327664783,0.8000025909805363,0.1985296136163538,0.2771875,0.1879571419985441
instant_only,zero_shot,0.5482565104166667,0.24426131943920626,0.42377994901909405,0.15216683364655528,0.7781250000000001,0.38524995415173385
instant_temporal,limited_label_10pct,0.8232573437499999,0.23980108101738756,0.7609490856589614,0.22504737455068866,0.27218749999999997,0.26339991963370735
instant_temporal,limited_label_1pct,0.7390353125,0.25574370766576404,0.6283344098224839,0.2127162032709249,0.36114583333333333,0.2801978912175351
instant_temporal,limited_label_5pct,0.8137907812499999,0.23433368884265227,0.7342664684659038,0.22582214149245916,0.3078125,0.2785436821764852
instant_temporal,zero_shot,0.42099494791666664,0.21729791450798977,0.4287215239142394,0.16414679137952884,0.6711458333333332,0.4169408382379684
