source_domain,target_domain,feature_profile,adaptation_method,roc_auc,roc_auc,roc_auc,roc_auc,macro_f1,macro_f1,macro_f1,macro_f1,fpr,fpr,fpr,fpr
,,,,mean,min,max,std,mean,min,max,std,mean,min,max,std
CICIoT2023,Edge-IIoTset,baseline_common,limited_label_10pct,0.616184375,0.4514625,0.78090625,0.2329519096445257,0.5955509481286705,0.443606127784298,0.7474957684730431,0.2148824256633551,0.28125,0.0025,0.56,0.3942120305115003
CICIoT2023,Edge-IIoTset,baseline_common,limited_label_1pct,0.576675625,0.4514625,0.7018887500000001,0.1770780995621177,0.5476155110638194,0.443606127784298,0.6516248943433409,0.1470914804479607,0.28374999999999995,0.0025,0.565,0.397747564417433
CICIoT2023,Edge-IIoTset,baseline_common,limited_label_5pct,0.614033125,0.4514625,0.77660375,0.22990958271847062,0.5923185005668905,0.4398263027295285,0.7448106984042524,0.2156565343376784,0.2925,0.0175,0.5675,0.38890872965260115
CICIoT2023,Edge-IIoTset,baseline_common,threshold_calibration,0.42535625,0.39925,0.4514625,0.03691981281270261,0.4166666666666667,0.4166666666666667,0.4166666666666667,0.0,1.0,1.0,1.0,0.0
CICIoT2023,Edge-IIoTset,baseline_common,unsupervised_alignment,0.52610625,0.4514625,0.6007499999999999,0.1055622035963866,0.4166666666666667,0.4166666666666667,0.4166666666666667,0.0,1.0,1.0,1.0,0.0
CICIoT2023,Edge-IIoTset,baseline_common,unsupervised_correction,0.47573125,0.4514625,0.5,0.03432119539184206,0.3194444444444444,0.2222222222222222,0.4166666666666667,0.13749298523071757,0.5,0.0,1.0,0.7071067811865476
CICIoT2023,Edge-IIoTset,baseline_common,zero_shot,0.42535625,0.39925,0.4514625,0.03691981281270261,0.3739923504361605,0.3313180342056544,0.4166666666666667,0.06035059677818005,0.72125,0.4425,1.0,0.3942120305115002
CICIoT2023,Edge-IIoTset,full_multilevel,limited_label_10pct,0.997601875,0.99735125,0.9978525,0.0003544372740697238,0.9771368831625715,0.9648700868789776,0.9894036794461656,0.017347869671126483,0.0625,0.03,0.095,0.04596194077712559
CICIoT2023,Edge-IIoTset,full_multilevel,limited_label_1pct,0.987513125,0.9840225,0.99100375,0.004936489216158542,0.9130801272439177,0.8566618128867856,0.96949844160105,0.07978754533008507,0.22125,0.0825,0.36,0.19622213177926692
CICIoT2023,Edge-IIoTset,full_multilevel,limited_label_5pct,0.990406875,0.98795875,0.992855,0.003462171577384666,0.9550185821688839,0.93416167745978,0.975875486877988,0.02949611750873812,0.1225,0.0675,0.1775,0.07778174593052022
CICIoT2023,Edge-IIoTset,full_multilevel,threshold_calibration,0.4505087499999999,0.3025124999999999,0.598505,0.20929830393035917,0.4043851072484631,0.3772241992882562,0.4315460152086701,0.038411324403692014,0.9862500000000001,0.9725,1.0,0.019445436482629995
CICIoT2023,Edge-IIoTset,full_multilevel,unsupervised_alignment,0.4596875,0.45929,0.460085,0.0005621498910433572,0.37498235160556803,0.3720301195572644,0.3779345836538716,0.004175086601983487,0.725,0.71,0.74,0.021213203435596444
CICIoT2023,Edge-IIoTset,full_multilevel,unsupervised_correction,0.515049375,0.4355925,0.59450625,0.1123689902487837,0.3194444444444444,0.2222222222222222,0.4166666666666667,0.13749298523071757,0.5,0.0,1.0,0.7071067811865476
CICIoT2023,Edge-IIoTset,full_multilevel,zero_shot,0.4505087499999999,0.3025124999999999,0.598505,0.20929830393035917,0.32679440087313066,0.2220427865375912,0.4315460152086701,0.14814115367379582,0.49,0.0075,0.9725,0.6823580438450184
CICIoT2023,Edge-IIoTset,instant_behavioral,limited_label_10pct,0.996556875,0.996095,0.99701875,0.0006531898891210347,0.9632119242841852,0.9361296554770142,0.9902941930913562,0.038300111846935075,0.09999999999999999,0.0275,0.1725,0.10253048327204939
CICIoT2023,Edge-IIoTset,instant_behavioral,limited_label_1pct,0.98020375,0.9801325,0.980275,0.00010076271631915435,0.8642235129987811,0.7607952780366574,0.9676517479609048,0.14626961261574647,0.31875000000000003,0.0875,0.55,0.3270368862987783
CICIoT2023,Edge-IIoTset,instant_behavioral,limited_label_5pct,0.99007125,0.98811,0.9920325,0.002773626349204151,0.951773231325867,0.9331749331749332,0.9703715294768008,0.026301965482109082,0.13125,0.0825,0.18,0.06894291116568838
CICIoT2023,Edge-IIoTset,instant_behavioral,threshold_calibration,0.42850124999999994,0.4269125,0.43009,0.002246831797220274,0.4811536836845345,0.4166666666666667,0.5456407007024023,0.09119841406365324,0.83875,0.6775,1.0,0.2280419369326616
CICIoT2023,Edge-IIoTset,instant_behavioral,unsupervised_alignment,0.37587875000000004,0.36671375,0.38504375,0.012961267299149445,0.37522016890561627,0.3720301195572644,0.3784102182539682,0.004511411053078696,0.7262500000000001,0.71,0.7425,0.022980970388562894
CICIoT2023,Edge-IIoTset,instant_behavioral,unsupervised_correction,0.417901875,0.35680375,0.479,0.08640579701056667,0.3194444444444444,0.2222222222222222,0.4166666666666667,0.13749298523071757,0.5,0.0,1.0,0.7071067811865476
CICIoT2023,Edge-IIoTset,instant_behavioral,zero_shot,0.42850124999999994,0.4269125,0.43009,0.002246831797220274,0.2325737232948233,0.2269481458903459,0.2381993006993007,0.007955767861591568,0.03125,0.0175,0.045,0.019445436482630054
CICIoT2023,Edge-IIoTset,instant_only,limited_label_10pct,0.5654231249999999,0.3610725,0.7697737499999999,0.2889954253544184,0.5981098168154805,0.420843732078457,0.775375901552504,0.25069210118387697,0.53,0.345,0.715,0.26162950903902266
CICIoT2023,Edge-IIoTset,instant_only,limited_label_1pct,0.527045625,0.32319,0.73090125,0.28829538964104373,0.5892785231951629,0.440891546772635,0.7376654996176908,0.2098508745362756,0.57125,0.3825,0.76,0.26693280989792173
CICIoT2023,Edge-IIoTset,instant_only,limited_label_5pct,0.579113125,0.360395,0.79783125,0.3093141387118139,0.6161088946027073,0.439017380881731,0.7932004083236837,0.25044522048538576,0.54625,0.3625,0.73,0.2598617420860562
CICIoT2023,Edge-IIoTset,instant_only,threshold_calibration,0.38306874999999996,0.3527125,0.413425,0.04293022045278829,0.4166666666666667,0.4166666666666667,0.4166666666666667,0.0,1.0,1.0,1.0,0.0
CICIoT2023,Edge-IIoTset,instant_only,unsupervised_alignment,0.40817749999999997,0.40231,0.414045,0.008297898077224112,0.4429422851566043,0.4166666666666667,0.4692179036465419,0.03715933602821107,0.9650000000000001,0.93,1.0,0.04949747468305833
CICIoT2023,Edge-IIoTset,instant_only,unsupervised_correction,0.38786124999999994,0.3749725,0.4007499999999999,0.01822744505203616,0.3194444444444444,0.2222222222222222,0.4166666666666667,0.13749298523071757,0.5,0.0,1.0,0.7071067811865476
CICIoT2023,Edge-IIoTset,instant_only,zero_shot,0.38306874999999996,0.3527125,0.413425,0.04293022045278829,0.4166666666666667,0.4166666666666667,0.4166666666666667,0.0,1.0,1.0,1.0,0.0
CICIoT2023,Edge-IIoTset,instant_temporal,limited_label_10pct,0.637588125,0.2973674999999999,0.97780875,0.48114462207405095,0.6618246252058104,0.4071328542318303,0.9165163961797904,0.36018855673622474,0.29250000000000004,0.04,0.545,0.35708892449920654
CICIoT2023,Edge-IIoTset,instant_temporal,limited_label_1pct,0.6247512499999999,0.3024025,0.9470999999999998,0.45586997406401414,0.6579191677519063,0.4406348457533739,0.8752034897504386,0.30728643506136705,0.47875,0.195,0.7625,0.4012830983233657
CICIoT2023,Edge-IIoTset,instant_temporal,limited_label_5pct,0.63385125,0.3000299999999999,0.9676725000000002,0.47209453915833977,0.6610058336411386,0.3992113795814859,0.9228002877007913,0.37023326748522095,0.30375,0.04,0.5675,0.37299882707590387
CICIoT2023,Edge-IIoTset,instant_temporal,threshold_calibration,0.33603875,0.2775125,0.394565,0.08276861650483835,0.4166666666666667,0.4166666666666667,0.4166666666666667,0.0,1.0,1.0,1.0,0.0
CICIoT2023,Edge-IIoTset,instant_temporal,unsupervised_alignment,0.3713012499999999,0.3629525,0.3796499999999999,0.011806915478862302,0.3762744401659613,0.3720301195572644,0.3805187607746582,0.006002375767878779,0.71375,0.71,0.7175,0.00530330085889915
CICIoT2023,Edge-IIoTset,instant_temporal,unsupervised_correction,0.466418125,0.32011875,0.6127175,0.20689856029170733,0.3193228660089852,0.2222222222222222,0.4164235097957482,0.13732104735839903,0.5,0.0,1.0,0.7071067811865476
CICIoT2023,Edge-IIoTset,instant_temporal,zero_shot,0.33603875,0.2775125,0.394565,0.08276861650483835,0.4166666666666667,0.4166666666666667,0.4166666666666667,0.0,1.0,1.0,1.0,0.0
CICIoT2023,NF-ToN-IoT-v2,baseline_common,limited_label_10pct,0.87298875,0.7602325,0.985745,0.1594614179923313,0.561078369400229,0.21875,0.903406738800458,0.4841254227908706,0.1325,0.02,0.245,0.15909902576697318
CICIoT2023,NF-ToN-IoT-v2,baseline_common,limited_label_1pct,0.869630625,0.7602325,0.97902875,0.15471231207318717,0.5995855121300654,0.21875,0.9804210242601308,0.5385827462876418,0.0375,0.02,0.055,0.024748737341529162
CICIoT2023,NF-ToN-IoT-v2,baseline_common,limited_label_5pct,0.86833625,0.7602325,0.97644,0.15288178939339042,0.5568939408913328,0.21875,0.8950378817826656,0.47820774724280907,0.14250000000000002,0.02,0.265,0.17324116139070414
CICIoT2023,NF-ToN-IoT-v2,baseline_common,threshold_calibration,0.62911625,0.498,0.7602325,0.18542637899750133,0.6536637540232664,0.4156928213689482,0.8916346866775846,0.3365417204103112,0.6325000000000001,0.265,1.0,0.5197234841721123
CICIoT2023,NF-ToN-IoT-v2,baseline_common,unsupervised_alignment,0.823025,0.7602325,0.8858175,0.08880200511531261,0.41617974401780744,0.4156928213689482,0.4166666666666667,0.0006886126138433763,1.0,1.0,1.0,0.0
CICIoT2023,NF-ToN-IoT-v2,baseline_common,unsupervised_correction,0.62613625,0.49204,0.7602325,0.18964073541337312,0.32119701716722904,0.2267012129655099,0.4156928213689482,0.1336372478894237,0.5,0.0,1.0,0.7071067811865476
CICIoT2023,NF-ToN-IoT-v2,baseline_common,zero_shot,0.62911625,0.498,0.7602325,0.18542637899750133,0.41617974401780744,0.4156928213689482,0.4166666666666667,0.0006886126138433763,1.0,1.0,1.0,0.0
CICIoT2023,NF-ToN-IoT-v2,full_multilevel,limited_label_10pct,0.8087150000000001,0.62804625,0.98938375,0.2555041965469941,0.7803792933140643,0.5766286036317181,0.9841299829964104,0.28814698869164573,0.1375,0.035,0.24,0.14495689014324223
CICIoT2023,NF-ToN-IoT-v2,full_multilevel,limited_label_1pct,0.67118125,0.46127375,0.88108875,0.2968540333438305,0.5924906505812602,0.5103225117250363,0.674658789437484,0.11620329636542749,0.46125,0.0475,0.875,0.5851308614318681
CICIoT2023,NF-ToN-IoT-v2,full_multilevel,limited_label_5pct,0.761285,0.53582125,0.98674875,0.3188538930734969,0.7595138808295935,0.5502008032128514,0.9688269584463356,0.296013393147649,0.20375000000000001,0.0725,0.335,0.18561553006146875
CICIoT2023,NF-ToN-IoT-v2,full_multilevel,threshold_calibration,0.360275625,0.2516987499999999,0.4688525,0.1535508891850883,0.4283113739371967,0.4047619047619047,0.4518608431124887,0.03330397869438508,0.95625,0.9275,0.985,0.04065863991822652
CICIoT2023,NF-ToN-IoT-v2,full_multilevel,unsupervised_alignment,0.374279375,0.22065875,0.5279,0.2172523713352314,0.4774835550982494,0.4771503970053128,0.477816713191186,0.0004711566934452999,0.865,0.8475,0.8825,0.024748737341529107
CICIoT2023,NF-ToN-IoT-v2,full_multilevel,unsupervised_correction,0.43923437499999995,0.32374875,0.55472,0.1633213371341334,0.31895752179558523,0.2222222222222222,0.4156928213689482,0.13680437261687425,0.5,0.0,1.0,0.7071067811865476
CICIoT2023,NF-ToN-IoT-v2,full_multilevel,zero_shot,0.360275625,0.2516987499999999,0.4688525,0.1535508891850883,0.4299224650645491,0.4047619047619047,0.4550830253671935,0.03558240561690582,0.9525,0.92,0.985,0.04596194077712555
CICIoT2023,NF-ToN-IoT-v2,instant_behavioral,limited_label_10pct,0.6784325,0.37169375,0.98517125,0.4337941003553703,0.7546960644616265,0.5342715399412777,0.9751205889819752,0.31172735205631796,0.4625,0.06,0.865,0.5692209588551708
CICIoT2023,NF-ToN-IoT-v2,instant_behavioral,limited_label_1pct,0.6546093749999999,0.34421625,0.9650025,0.4389621670423674,0.7495550032118967,0.5293684234763187,0.9697415829474748,0.31139084731459943,0.47250000000000003,0.07,0.875,0.5692209588551708
CICIoT2023,NF-ToN-IoT-v2,instant_behavioral,limited_label_5pct,0.64752375,0.3061112499999999,0.98893625,0.4828301878637043,0.6250674829881268,0.2751730340593595,0.974961931916894,0.49482547507412294,0.1525,0.07,0.235,0.11667261889578033
CICIoT2023,NF-ToN-IoT-v2,instant_behavioral,threshold_calibration,0.41571625,0.29686125,0.5345712499999999,0.16808635295585414,0.5070863519947817,0.5040151157298063,0.5101575882597571,0.004343383979180311,0.8887499999999999,0.8775,0.9,0.015909902576697336
CICIoT2023,NF-ToN-IoT-v2,instant_behavioral,unsupervised_alignment,0.426078125,0.30254125,0.549615,0.17470752407818974,0.5101973391440189,0.4917850181008075,0.5286096601872302,0.02603895413407702,0.87125,0.86,0.8825,0.015909902576697294
CICIoT2023,NF-ToN-IoT-v2,instant_behavioral,unsupervised_correction,0.37507437500000007,0.30738125,0.4427675000000001,0.09573253545441728,0.31895752179558523,0.2222222222222222,0.4156928213689482,0.13680437261687425,0.5,0.0,1.0,0.7071067811865476
CICIoT2023,NF-ToN-IoT-v2,instant_behavioral,zero_shot,0.41571625,0.29686125,0.5345712499999999,0.16808635295585414,0.49449600162453333,0.4849768875192604,0.5040151157298063,0.013462060269454039,0.9137500000000001,0.9,0.9275,0.019445436482629995
CICIoT2023,NF-ToN-IoT-v2,instant_only,limited_label_10pct,0.5429575,0.0963299999999999,0.989585,0.6316266678287896,0.5968126716976747,0.2867814899356713,0.906843853459678,0.43845030200638324,0.24875,0.245,0.2525,0.005303300858899111
CICIoT2023,NF-ToN-IoT-v2,instant_only,limited_label_1pct,0.54206375,0.0963299999999999,0.9877975,0.6303627144574186,0.6020002750981176,0.2235795259361044,0.9804210242601308,0.5351677557483061,0.04875,0.0425,0.055,0.008838834764831842
CICIoT2023,NF-ToN-IoT-v2,instant_only,limited_label_5pct,0.5435731249999999,0.0963299999999999,0.99081625,0.6324972930531255,0.5926232110110605,0.2867814899356713,0.8984649320864498,0.4325255098843448,0.25875000000000004,0.2525,0.265,0.008838834764831832
CICIoT2023,NF-ToN-IoT-v2,instant_only,threshold_calibration,0.26321562499999995,0.0962299999999999,0.43020125,0.2361533355963478,0.4156928213689482,0.4156928213689482,0.4156928213689482,0.0,1.0,1.0,1.0,0.0
CICIoT2023,NF-ToN-IoT-v2,instant_only,unsupervised_alignment,0.3022349999999999,0.0965099999999999,0.50796,0.290939085119205,0.42609786211639095,0.4156928213689482,0.4365029028638337,0.014714949742078225,0.99,0.98,1.0,0.014142135623730963
CICIoT2023,NF-ToN-IoT-v2,instant_only,unsupervised_correction,0.525515,0.498,0.55303,0.038912086168695764,0.32119701716722904,0.2267012129655099,0.4156928213689482,0.1336372478894237,0.5,0.0,1.0,0.7071067811865476
CICIoT2023,NF-ToN-IoT-v2,instant_only,zero_shot,0.26321562499999995,0.0962299999999999,0.43020125,0.2361533355963478,0.4156928213689482,0.4156928213689482,0.4156928213689482,0.0,1.0,1.0,1.0,0.0
CICIoT2023,NF-ToN-IoT-v2,instant_temporal,limited_label_10pct,0.6445675,0.29644625,0.99268875,0.49231779310027485,0.6494994884702758,0.3255308113515829,0.9734681655889688,0.45816089696532575,0.18125,0.055,0.3075,0.17854446224960324
CICIoT2023,NF-ToN-IoT-v2,instant_temporal,limited_label_1pct,0.53889375,0.2334137499999999,0.84437375,0.4320139590337332,0.3538564611606681,0.2629525715829396,0.4447603507383966,0.1285575135132899,0.08875000000000001,0.0425,0.135,0.06540737725975565
CICIoT2023,NF-ToN-IoT-v2,instant_temporal,limited_label_5pct,0.61715125,0.24169875,0.99260375,0.5309700175268844,0.6424394611861144,0.3291621569074712,0.9557167654647576,0.4430410124945401,0.25625000000000003,0.1125,0.4,0.2032931995911324
CICIoT2023,NF-ToN-IoT-v2,instant_temporal,threshold_calibration,0.3877518750000001,0.21035875,0.5651450000000001,0.2508717632467458,0.39183272946859904,0.391304347826087,0.3923611111111111,0.0007472444849495357,1.0,1.0,1.0,0.0
CICIoT2023,NF-ToN-IoT-v2,instant_temporal,unsupervised_alignment,0.40816062499999994,0.1696987499999999,0.6466225,0.33723601773391776,0.3537932438374337,0.2863187227569633,0.4212677649179042,0.09542338282663063,0.67375,0.415,0.9325,0.3659277592640383
CICIoT2023,NF-ToN-IoT-v2,instant_temporal,unsupervised_correction,0.4127175,0.2745075,0.5509275,0.19545845645558546,0.31895752179558523,0.2222222222222222,0.4156928213689482,0.13680437261687425,0.5,0.0,1.0,0.7071067811865476
CICIoT2023,NF-ToN-IoT-v2,instant_temporal,zero_shot,0.3877518750000001,0.21035875,0.5651450000000001,0.2508717632467458,0.391304347826087,0.391304347826087,0.391304347826087,0.0,1.0,1.0,1.0,0.0
CICIoT2023,ToN-IoT,baseline_common,limited_label_10pct,0.513104375,0.0274999999999999,0.99870875,0.6867482930727105,0.7034762965033906,0.419334115731929,0.9876184772748522,0.4018377256892686,0.51625,0.035,0.9975,0.680590276892052
CICIoT2023,ToN-IoT,baseline_common,limited_label_1pct,0.50497375,0.015,0.9949475,0.6929275224568042,0.6842567988628245,0.419334115731929,0.94917948199372,0.3746572514639824,0.5625,0.1275,0.9975,0.6151828996322964
CICIoT2023,ToN-IoT,baseline_common,limited_label_5pct,0.5105656249999999,0.0224999999999999,0.99863125,0.6902290262031012,0.6883227007236171,0.419334115731929,0.9573112857153052,0.3804073050187933,0.5575,0.1175,0.9975,0.6222539674441618
CICIoT2023,ToN-IoT,baseline_common,threshold_calibration,0.16484874999999996,0.015,0.3146974999999999,0.21191813455465527,0.3689776904387658,0.3083468768588644,0.4296085040186673,0.08574491886241146,0.9862500000000001,0.985,0.9875,0.0017677669529663704
CICIoT2023,ToN-IoT,baseline_common,unsupervised_alignment,0.16099374999999994,0.0417399999999999,0.2802475,0.16865027061385054,0.4164864707866735,0.411499343832021,0.421473597741326,0.007052862576545964,0.9099999999999999,0.86,0.96,0.0707106781186547
CICIoT2023,ToN-IoT,baseline_common,unsupervised_correction,0.16222874999999995,0.015,0.3094574999999999,0.20821289502123774,0.3221057625412,0.2222222222222222,0.4219893028601778,0.14125665737693824,0.4975,0.0,0.995,0.7035712472806148
CICIoT2023,ToN-IoT,baseline_common,zero_shot,0.16484874999999996,0.015,0.3146974999999999,0.21191813455465527,0.2859794723165491,0.1499696417729204,0.4219893028601778,0.1923469469708661,0.68875,0.3825,0.995,0.43310290347676034
CICIoT2023,ToN-IoT,full_multilevel,limited_label_10pct,0.969876875,0.9398375,0.99991625,0.04248209153021126,0.9670915697462856,0.9601362615061244,0.9740468779864468,0.009836291243721337,0.09125,0.0725,0.11,0.026516504294495535
CICIoT2023,ToN-IoT,full_multilevel,limited_label_1pct,0.824660625,0.6499025,0.99941875,0.2471453105098926,0.865286340082643,0.8124258136013502,0.9181468665639358,0.07475607346402642,0.28875,0.2175,0.36,0.10076271631908303
CICIoT2023,ToN-IoT,full_multilevel,limited_label_5pct,0.9561175,0.9124675,0.9997675,0.06173042199758567,0.9379811238290827,0.9272153333031176,0.948746914355048,0.015225126971487741,0.1675,0.14,0.195,0.03889087296526011
CICIoT2023,ToN-IoT,full_multilevel,threshold_calibration,0.3375925,0.038045,0.63714,0.4236241370749547,0.5134762435818615,0.1818949802143079,0.8450575069494152,0.46892671968319943,0.6737500000000001,0.385,0.9625,0.40835416613523123
CICIoT2023,ToN-IoT,full_multilevel,unsupervised_alignment,0.5372262499999999,0.1551074999999999,0.919345,0.5403975186870541,0.6299178940197454,0.3740572985140696,0.8857784895254213,0.36184152424098337,0.51125,0.0425,0.98,0.6629126073623883
CICIoT2023,ToN-IoT,full_multilevel,unsupervised_correction,0.66967,0.6682075000000001,0.6711325,0.002068287334970659,0.3207781689770756,0.2222222222222222,0.419334115731929,0.1393791565532343,0.49875,0.0,0.9975,0.7053390142335811
CICIoT2023,ToN-IoT,full_multilevel,zero_shot,0.3375925,0.038045,0.63714,0.4236241370749547,0.15784356826213053,0.0951971587959761,0.220489977728285,0.08859540190101388,0.48125,0.01,0.9525,0.6664481412683211
CICIoT2023,ToN-IoT,instant_behavioral,limited_label_10pct,0.9518575,0.90382,0.999895,0.06793528400249753,0.9664712796660823,0.9516168261290006,0.981325733203164,0.021007369653781936,0.0925,0.0525,0.1325,0.05656854249492381
CICIoT2023,ToN-IoT,instant_behavioral,limited_label_1pct,0.847376875,0.6951675,0.99958625,0.21525656244533228,0.8894462696105643,0.8668803155429557,0.9120122236781728,0.031913078290300295,0.28500000000000003,0.2325,0.3375,0.0742462120245875
CICIoT2023,ToN-IoT,instant_behavioral,limited_label_5pct,0.933036875,0.86631,0.99976375,0.09436605159977417,0.9296782755447124,0.9242099691292632,0.9351465819601614,0.007733353095939879,0.18875,0.175,0.2025,0.019445436482630075
CICIoT2023,ToN-IoT,instant_behavioral,threshold_calibration,0.64555875,0.6127825,0.678335,0.04635261727373113,0.8213346174791529,0.8172039323575417,0.8254653026007641,0.0058416709208753,0.36,0.33,0.39,0.04242640687119287
CICIoT2023,ToN-IoT,instant_behavioral,unsupervised_alignment,0.43987375,0.1455875,0.73416,0.4161836059699192,0.6023403475751197,0.3854000930515747,0.8192806020986647,0.30679985017186856,0.625,0.255,0.995,0.5232590180780452
CICIoT2023,ToN-IoT,instant_behavioral,unsupervised_correction,0.633255625,0.617155,0.64935625,0.022769722237683285,0.5246748777435102,0.2222222222222222,0.827127533264798,0.42773264741396316,0.21125,0.0,0.4225,0.2987526150513163
CICIoT2023,ToN-IoT,instant_behavioral,zero_shot,0.64555875,0.6127825,0.678335,0.04635261727373113,0.21322259057400866,0.2081089642065252,0.2183362169414921,0.007231759761803759,0.0975,0.035,0.16,0.08838834764831845
CICIoT2023,ToN-IoT,instant_only,limited_label_10pct,0.86613,0.7322599999999999,1.0,0.1893207695948863,0.9402114079260214,0.8910191364058773,0.9894036794461656,0.06956837754772763,0.15625,0.03,0.2825,0.17854446224960324
CICIoT2023,ToN-IoT,instant_only,limited_label_1pct,0.8636412499999999,0.7273774999999999,0.999905,0.19270604330981697,0.9003508535032586,0.8462301622910701,0.9544715447154472,0.07653821551728342,0.25375000000000003,0.125,0.3825,0.182079996155536
CICIoT2023,ToN-IoT,instant_only,limited_label_5pct,0.86420625,0.7284349999999999,0.9999775,0.1920095431303481,0.9267273430322568,0.8748474573452276,0.978607228719286,0.07336923795296248,0.185,0.06,0.31,0.1767766952966369
CICIoT2023,ToN-IoT,instant_only,threshold_calibration,0.6912449999999999,0.6375,0.7449899999999999,0.07600690790974193,0.6385910720269361,0.4478866826039583,0.829295461449914,0.2696967339260555,0.66625,0.3625,0.97,0.4295673695708276
CICIoT2023,ToN-IoT,instant_only,unsupervised_alignment,0.6727237500000001,0.6076575,0.7377900000000001,0.09201757320275843,0.6567282224913042,0.5090134382169781,0.8044430067656303,0.208900251283768,0.61125,0.3625,0.86,0.3517856236403074
CICIoT2023,ToN-IoT,instant_only,unsupervised_correction,0.7025587499999999,0.5968325,0.8082849999999999,0.14951949664884834,0.31838701314824513,0.2174399105645612,0.419334115731929,0.14276076155611392,0.5125000000000001,0.0275,0.9975,0.6858935777509511
CICIoT2023,ToN-IoT,instant_only,zero_shot,0.6912449999999999,0.6375,0.7449899999999999,0.07600690790974193,0.6345328897085405,0.419334115731929,0.8497316636851521,0.3043370247637863,0.68625,0.375,0.9975,0.44017397128862584
CICIoT2023,ToN-IoT,instant_temporal,limited_label_10pct,0.9822525,0.964505,1.0,0.025098755198216544,0.9764537046749312,0.9688762220052732,0.9840311873445892,0.010716178760077381,0.0575,0.045,0.07,0.017677669529663695
CICIoT2023,ToN-IoT,instant_temporal,limited_label_1pct,0.5891975,0.1790075,0.9993875,0.5800962611498198,0.7031619916917866,0.5078590512971235,0.8984649320864498,0.2762000670774769,0.5862499999999999,0.265,0.9075,0.45431610691235674
CICIoT2023,ToN-IoT,instant_temporal,limited_label_5pct,0.9802031250000001,0.9618,0.99860625,0.026025948965047355,0.9590521776111203,0.9514327343370568,0.9666716208851838,0.010775520015913058,0.07375,0.055,0.0925,0.026516504294495535
CICIoT2023,ToN-IoT,instant_temporal,threshold_calibration,0.35925250000000003,0.080995,0.63751,0.3935155303320315,0.6345740918343783,0.4219893028601778,0.8471588808085788,0.3006402917215368,0.67875,0.3625,0.995,0.4472450391004913
CICIoT2023,ToN-IoT,instant_temporal,unsupervised_alignment,0.76022375,0.5986275000000001,0.92182,0.2285316083786332,0.6963650527965668,0.4933275649772038,0.8994025406159297,0.28713836894430517,0.20124999999999998,0.0425,0.36,0.22450640302672883
CICIoT2023,ToN-IoT,instant_temporal,unsupervised_correction,0.6580037500000001,0.6406750000000001,0.6753325000000001,0.024506553268972775,0.5371373189688986,0.2222222222222222,0.8520524157155751,0.44535720081518515,0.185,0.0,0.37,0.2616295090390226
CICIoT2023,ToN-IoT,instant_temporal,zero_shot,0.35925250000000003,0.080995,0.63751,0.3935155303320315,0.6387513730799403,0.4219893028601778,0.8555134432997028,0.3065478595128573,0.67875,0.3625,0.995,0.4472450391004913
Edge-IIoTset,CICIoT2023,baseline_common,limited_label_10pct,0.958295625,0.941515,0.97507625,0.02373138746009701,0.896990225874544,0.8670724202915272,0.9269080314575608,0.04231016641194389,0.13,0.1275,0.1325,0.0035355339059327407
Edge-IIoTset,CICIoT2023,baseline_common,limited_label_1pct,0.936956875,0.93668125,0.9372325,0.00038979261312908653,0.8652931762914178,0.8488567089627972,0.8817296436200384,0.023244675013637507,0.23500000000000001,0.1925,0.2775,0.060104076400856556
Edge-IIoTset,CICIoT2023,baseline_common,limited_label_5pct,0.9441875,0.932665,0.95571,0.016295275772443975,0.8825150452159031,0.8621118484132182,0.902918242018588,0.02885447763412432,0.13875,0.1125,0.165,0.037123106012293745
Edge-IIoTset,CICIoT2023,baseline_common,threshold_calibration,0.40802249999999995,0.2564624999999999,0.5595825,0.21433820751326632,0.39536161342434006,0.3186942487007765,0.4720289781479036,0.10842402698346817,0.89125,0.815,0.9675,0.10783378413094855
Edge-IIoTset,CICIoT2023,baseline_common,unsupervised_alignment,0.20225875,0.1269175,0.2776,0.10654861755614195,0.3351986605397105,0.2432432432432432,0.4271540778361778,0.13004459827434153,0.7675000000000001,0.535,1.0,0.3288046532517445
Edge-IIoTset,CICIoT2023,baseline_common,unsupervised_correction,0.44494125000000007,0.08985,0.8000325000000001,0.5021748616300153,0.29224708079521056,0.1469289441991168,0.4375652173913043,0.20551087963298173,0.8975,0.8425,0.9525,0.07778174593052026
Edge-IIoTset,CICIoT2023,baseline_common,zero_shot,0.40802249999999995,0.2564624999999999,0.5595825,0.21433820751326632,0.3642582713306638,0.3192288238698241,0.4092877187915035,0.06368125530528623,0.9962500000000001,0.995,0.9975,0.0017677669529664489
Edge-IIoTset,CICIoT2023,full_multilevel,limited_label_10pct,0.8982468750000001,0.7996475000000001,0.99684625,0.13944057336651064,0.590843448650894,0.5878437596229007,0.5938431376788874,0.0042422009062900124,0.79625,0.7875,0.805,0.012374368670764632
Edge-IIoTset,CICIoT2023,full_multilevel,limited_label_1pct,0.8428656250000001,0.6995325000000001,0.98619875,0.20270364931231805,0.6665137722179351,0.6523674972172275,0.6806600472186426,0.020005853963060056,0.6125,0.5,0.725,0.15909902576697313
Edge-IIoTset,CICIoT2023,full_multilevel,limited_label_5pct,0.86504,0.7354675,0.9946125,0.18324318681058782,0.543741791309638,0.49868817877845,0.5887954038408258,0.0637154298755084,0.7987500000000001,0.68,0.9175,0.16793786053180496
Edge-IIoTset,CICIoT2023,full_multilevel,threshold_calibration,0.19159125,0.1235925,0.25959,0.0961647544744175,0.297120211640044,0.2759844515801927,0.3182559716998952,0.02989047852770526,0.9475,0.935,0.96,0.017677669529663625
Edge-IIoTset,CICIoT2023,full_multilevel,unsupervised_alignment,0.4434874999999999,0.34359375,0.5433812499999999,0.14127109604630733,0.5212505214851898,0.4166666666666667,0.625834376303713,0.1479039058896142,0.865,0.73,1.0,0.19091883092036785
Edge-IIoTset,CICIoT2023,full_multilevel,unsupervised_correction,0.17635187500000002,0.0188725,0.33383125,0.22270946791903853,0.3551710789398518,0.2936754912130369,0.4166666666666667,0.08696789418936608,0.99,0.98,1.0,0.014142135623730963
Edge-IIoTset,CICIoT2023,full_multilevel,zero_shot,0.19159125,0.1235925,0.25959,0.0961647544744175,0.41008024428348244,0.4034938219002982,0.4166666666666667,0.009314607861816879,1.0,1.0,1.0,0.0
Edge-IIoTset,CICIoT2023,instant_behavioral,limited_label_10pct,0.98306625,0.9744175,0.991715,0.012231179547574281,0.7573754209255712,0.6196424850376006,0.8951083568135417,0.19478378591823203,0.50625,0.2425,0.77,0.3729988270759038
Edge-IIoTset,CICIoT2023,instant_behavioral,limited_label_1pct,0.910344375,0.8425749999999999,0.97811375,0.09584036923854823,0.8129861422380189,0.7586737062769858,0.8672985781990521,0.0768093835416133,0.38625,0.31,0.4625,0.10783378413094849
Edge-IIoTset,CICIoT2023,instant_behavioral,limited_label_5pct,0.9711637500000001,0.952895,0.9894325,0.02583591401760344,0.7417985369898988,0.6334938748053911,0.8501031991744066,0.1531659221295673,0.50375,0.2575,0.75,0.34825008973437466
Edge-IIoTset,CICIoT2023,instant_behavioral,threshold_calibration,0.2848825,0.246215,0.32355,0.054684102923061674,0.46306241380450236,0.4000628277972028,0.5260619998118019,0.08909486895541328,0.77875,0.57,0.9875,0.2952170811453837
Edge-IIoTset,CICIoT2023,instant_behavioral,unsupervised_alignment,0.303635,0.2304375,0.3768325,0.10351689723180463,0.5271408384189759,0.4166666666666667,0.637615010171285,0.1562340719840503,0.8574999999999999,0.715,1.0,0.2015254326381661
Edge-IIoTset,CICIoT2023,instant_behavioral,unsupervised_correction,0.41399499999999995,0.0237374999999999,0.8042525,0.5519074493178182,0.4166666666666667,0.4166666666666667,0.4166666666666667,0.0,1.0,1.0,1.0,0.0
Edge-IIoTset,CICIoT2023,instant_behavioral,zero_shot,0.2848825,0.246215,0.32355,0.054684102923061674,0.35093609800436887,0.285205529342071,0.4166666666666667,0.09295706166471754,0.975,0.95,1.0,0.03535533905932741
Edge-IIoTset,CICIoT2023,instant_only,limited_label_10pct,0.908086875,0.8259675000000001,0.99020625,0.11613433385860203,0.8836279303111689,0.8199723892963637,0.947283471325974,0.0900225294233342,0.16,0.1075,0.2125,0.07424621202458749
Edge-IIoTset,CICIoT2023,instant_only,limited_label_1pct,0.8734443749999999,0.7761324999999999,0.97075625,0.1376197734049554,0.853104475413687,0.8081214648899772,0.8980874859373966,0.06361558355900192,0.2375,0.225,0.25,0.017677669529663674
Edge-IIoTset,CICIoT2023,instant_only,limited_label_5pct,0.901404375,0.8138624999999999,0.98894625,0.12380290690057022,0.8718389467002052,0.8060359175418741,0.9376419758585364,0.09305953628094413,0.17625000000000002,0.1375,0.215,0.05480077554195743
Edge-IIoTset,CICIoT2023,instant_only,threshold_calibration,0.36245249999999996,0.0569274999999999,0.6679775,0.43207759864403994,0.4611106439731168,0.3246502653159672,0.5975710226302664,0.19298411822350903,0.78375,0.5675,1.0,0.3058236828631818
Edge-IIoTset,CICIoT2023,instant_only,unsupervised_alignment,0.359748125,0.34480375,0.3746925,0.021134537806189378,0.3530671364371045,0.3175961628891188,0.3885381099850903,0.05016353186213874,0.7112499999999999,0.645,0.7775,0.09369164850721755
Edge-IIoTset,CICIoT2023,instant_only,unsupervised_correction,0.38689937499999993,0.0262187499999999,0.74758,0.5100794315602045,0.2832363654813901,0.1498060642961135,0.4166666666666667,0.18869894156774503,0.9975,0.995,1.0,0.0035355339059327017
Edge-IIoTset,CICIoT2023,instant_only,zero_shot,0.36245249999999996,0.0569274999999999,0.6679775,0.43207759864403994,0.41396832071768996,0.4112699747687132,0.4166666666666667,0.003816037437017438,1.0,1.0,1.0,0.0
Edge-IIoTset,CICIoT2023,instant_temporal,limited_label_10pct,0.875825625,0.7563275,0.99532375,0.1689958690531553,0.7095868917362758,0.6809339236027919,0.7382398598697596,0.04052141613661695,0.5175,0.3525,0.6825,0.23334523779156072
Edge-IIoTset,CICIoT2023,instant_temporal,limited_label_1pct,0.8688031249999999,0.75667,0.98093625,0.15858018616627761,0.7622418365002154,0.741904104430777,0.7825795685696537,0.028761896520509936,0.46625,0.4225,0.51,0.061871843353822925
Edge-IIoTset,CICIoT2023,instant_temporal,limited_label_5pct,0.87798875,0.76154,0.9944375,0.16468340157139394,0.6373543093777869,0.5619151307774062,0.7127934879781678,0.10668710951094465,0.63,0.415,0.845,0.3040559159102154
Edge-IIoTset,CICIoT2023,instant_temporal,threshold_calibration,0.12193624999999995,0.0273575,0.2165149999999999,0.1337545509622943,0.28558010243660614,0.2118924703194366,0.3592677345537757,0.10421004871926044,0.9025000000000001,0.805,1.0,0.13788582233137678
Edge-IIoTset,CICIoT2023,instant_temporal,unsupervised_alignment,0.482613125,0.36700625,0.59822,0.1634928105285711,0.3372114111497764,0.2628015997901914,0.4116212225093613,0.1052313643983486,0.80625,0.645,0.9675,0.2280419369326616
Edge-IIoTset,CICIoT2023,instant_temporal,unsupervised_correction,0.19348687499999997,0.0016412499999999,0.3853325,0.271310684756943,0.21756997128284256,0.0184732758990184,0.4166666666666667,0.2815652468354689,0.9924999999999999,0.985,1.0,0.010606601717798262
Edge-IIoTset,CICIoT2023,instant_temporal,zero_shot,0.12193624999999995,0.0273575,0.2165149999999999,0.1337545509622943,0.4166666666666667,0.4166666666666667,0.4166666666666667,0.0,1.0,1.0,1.0,0.0
Edge-IIoTset,NF-ToN-IoT-v2,baseline_common,limited_label_10pct,0.60223125,0.2158475,0.988615,0.5464291395305754,0.7290091728916438,0.5546116069828296,0.903406738800458,0.2466354029531007,0.50625,0.245,0.7675,0.36946329316997106
Edge-IIoTset,NF-ToN-IoT-v2,baseline_common,limited_label_1pct,0.5944975,0.2197675,0.9692275,0.52994824822807,0.6018064835159405,0.2231919427717502,0.9804210242601308,0.5354418184320947,0.0375,0.02,0.055,0.024748737341529162
Edge-IIoTset,NF-ToN-IoT-v2,baseline_common,limited_label_5pct,0.5961237500000001,0.2158475,0.9764,0.5377918301983817,0.5568939408913328,0.21875,0.8950378817826656,0.47820774724280907,0.14250000000000002,0.02,0.265,0.17324116139070414
Edge-IIoTset,NF-ToN-IoT-v2,baseline_common,threshold_calibration,0.583326875,0.2197675,0.94688625,0.5141505988528859,0.7258696420054319,0.5567014022281982,0.8950378817826656,0.23924001901574762,0.51625,0.265,0.7675,0.3553211575462401
Edge-IIoTset,NF-ToN-IoT-v2,baseline_common,unsupervised_alignment,0.376765625,0.2198475,0.53368375,0.22191574055715665,0.4917015002564805,0.4390519267501225,0.5443510737628385,0.0744577409058507,0.88375,0.79,0.9775,0.13258252147247765
Edge-IIoTset,NF-ToN-IoT-v2,baseline_common,unsupervised_correction,0.36888374999999995,0.2397674999999999,0.498,0.18259795187275518,0.3216839398160883,0.2267012129655099,0.4166666666666667,0.1343258605032671,0.5,0.0,1.0,0.7071067811865476
Edge-IIoTset,NF-ToN-IoT-v2,baseline_common,zero_shot,0.583326875,0.2197675,0.94688625,0.5141505988528859,0.5552819611765385,0.2231919427717502,0.8873719795813269,0.4696462079567824,0.0375,0.02,0.055,0.024748737341529162
Edge-IIoTset,NF-ToN-IoT-v2,full_multilevel,limited_label_10pct,0.9057718749999999,0.8248662499999999,0.9866775,0.11441783214727183,0.7854948318674484,0.5913149824541997,0.9796746812806972,0.27461177657978175,0.0575,0.045,0.07,0.017677669529663695
Edge-IIoTset,NF-ToN-IoT-v2,full_multilevel,limited_label_1pct,0.718663125,0.6498187499999999,0.7875075,0.09736064881809935,0.6417613641208784,0.6031746031746031,0.6803481250671537,0.05456992065827094,0.18000000000000002,0.08,0.28,0.14142135623730953
Edge-IIoTset,NF-ToN-IoT-v2,full_multilevel,limited_label_5pct,0.8655675,0.74850375,0.98263125,0.16555314291225331,0.6971515474536788,0.4260920565688607,0.968211038338497,0.3833360082192561,0.056249999999999994,0.0525,0.06,0.0053033008588991085
Edge-IIoTset,NF-ToN-IoT-v2,full_multilevel,threshold_calibration,0.5522081249999999,0.49847875,0.6059374999999999,0.07598481082282985,0.4067652050834384,0.3704801428694652,0.4430502672974116,0.05131482709455243,0.57125,0.385,0.7575,0.263397275991989
Edge-IIoTset,NF-ToN-IoT-v2,full_multilevel,unsupervised_alignment,0.5539293750000001,0.4651012499999999,0.6427575000000001,0.12562193909517266,0.4166666666666667,0.4166666666666667,0.4166666666666667,0.0,1.0,1.0,1.0,0.0
Edge-IIoTset,NF-ToN-IoT-v2,full_multilevel,unsupervised_correction,0.503576875,0.496,0.5111537500000001,0.0107153193854057,0.42222930839002265,0.4166666666666667,0.4277919501133786,0.007866763367792452,0.9137500000000001,0.8275,1.0,0.1219759197546794
Edge-IIoTset,NF-ToN-IoT-v2,full_multilevel,zero_shot,0.5522081249999999,0.49847875,0.6059374999999999,0.07598481082282985,0.5205819281544602,0.5198815071032359,0.5212823492056846,0.0009905449500131169,0.8675,0.8675,0.8675,0.0
Edge-IIoTset,NF-ToN-IoT-v2,instant_behavioral,limited_label_10pct,0.8927687499999999,0.7996537499999999,0.98588375,0.1316844958603708,0.8980254010056268,0.8227494052928932,0.9733013967183602,0.10645633405808667,0.09875,0.065,0.1325,0.04772970773009196
Edge-IIoTset,NF-ToN-IoT-v2,instant_behavioral,limited_label_1pct,0.7789950000000001,0.6024287500000001,0.95556125,0.24970238540735842,0.7401938911633797,0.5616349988271171,0.9187527834996424,0.25252040722425995,0.2275,0.1775,0.2775,0.07071067811865478
Edge-IIoTset,NF-ToN-IoT-v2,instant_behavioral,limited_label_5pct,0.79312625,0.60251875,0.98373375,0.26955971159002967,0.7501722719949524,0.5288682390308567,0.971476304959048,0.31297116482568654,0.2075,0.07,0.345,0.19445436482630055
Edge-IIoTset,NF-ToN-IoT-v2,instant_behavioral,threshold_calibration,0.527676875,0.41501125,0.6403425,0.15933325488824124,0.5109404042726813,0.4976992177564147,0.5241815907889478,0.018725865553215863,0.5449999999999999,0.255,0.835,0.4101219330881975
Edge-IIoTset,NF-ToN-IoT-v2,instant_behavioral,unsupervised_alignment,0.6495925,0.5595687500000001,0.73961625,0.12731280818568486,0.4166666666666667,0.4166666666666667,0.4166666666666667,0.0,1.0,1.0,1.0,0.0
Edge-IIoTset,NF-ToN-IoT-v2,instant_behavioral,unsupervised_correction,0.574549375,0.5,0.6490987500000001,0.10542873719143779,0.4166666666666667,0.4166666666666667,0.4166666666666667,0.0,1.0,1.0,1.0,0.0
Edge-IIoTset,NF-ToN-IoT-v2,instant_behavioral,zero_shot,0.527676875,0.41501125,0.6403425,0.15933325488824124,0.3767867268163472,0.2450197363090805,0.5085537173236139,0.18634666504846342,0.39125,0.37,0.4125,0.030052038200428257
Edge-IIoTset,NF-ToN-IoT-v2,instant_only,limited_label_10pct,0.878255,0.7678699999999999,0.98864,0.15610796408255406,0.9026543927730639,0.8984649320864498,0.906843853459678,0.005924792122038527,0.255,0.245,0.265,0.014142135623730963
Edge-IIoTset,NF-ToN-IoT-v2,instant_only,limited_label_1pct,0.8761062500000001,0.7688,0.9834125,0.1517539540773979,0.9394429781732903,0.8984649320864498,0.9804210242601308,0.057951708535559567,0.16,0.055,0.265,0.14849242404917498
Edge-IIoTset,NF-ToN-IoT-v2,instant_only,limited_label_5pct,0.87312125,0.7648799999999999,0.9813625,0.15307624375821688,0.8967514069345577,0.8950378817826656,0.8984649320864498,0.0024232905092732696,0.265,0.265,0.265,0.0
Edge-IIoTset,NF-ToN-IoT-v2,instant_only,threshold_calibration,0.856375,0.76589,0.94686,0.12796511419132955,0.8950378817826656,0.8950378817826656,0.8950378817826656,0.0,0.265,0.265,0.265,0.0
Edge-IIoTset,NF-ToN-IoT-v2,instant_only,unsupervised_alignment,0.758000625,0.55056625,0.965435,0.2933565064273865,0.718328253371975,0.5443510737628385,0.8923054329811115,0.2460408869466607,0.41125,0.0325,0.79,0.5356333867488098
Edge-IIoTset,NF-ToN-IoT-v2,instant_only,unsupervised_correction,0.50872875,0.1238875,0.89357,0.5442477151106149,0.3216839398160883,0.2267012129655099,0.4166666666666667,0.1343258605032671,0.5,0.0,1.0,0.7071067811865476
Edge-IIoTset,NF-ToN-IoT-v2,instant_only,zero_shot,0.856375,0.76589,0.94686,0.12796511419132955,0.3201230963013855,0.2235795259361044,0.4166666666666667,0.13653322657050182,0.52125,0.0425,1.0,0.6770547429861192
Edge-IIoTset,NF-ToN-IoT-v2,instant_temporal,limited_label_10pct,0.82734,0.66505125,0.98962875,0.2295109512705766,0.6820178305170941,0.3943420870151994,0.9696935740189888,0.4068349380261433,0.07999999999999999,0.0725,0.0875,0.010606601717798208
Edge-IIoTset,NF-ToN-IoT-v2,instant_temporal,limited_label_1pct,0.71854125,0.65304625,0.78403625,0.09262391726762582,0.40766295327730506,0.3282604100612978,0.4870654964933124,0.11229215350299332,0.06875,0.06,0.0775,0.012374368670764578
Edge-IIoTset,NF-ToN-IoT-v2,instant_temporal,limited_label_5pct,0.804069375,0.62370125,0.9844375,0.2550790485948057,0.6716926831420352,0.3893244834423309,0.9540608828417396,0.3993289375981964,0.11374999999999999,0.11,0.1175,0.005303300858899096
Edge-IIoTset,NF-ToN-IoT-v2,instant_temporal,threshold_calibration,0.593566875,0.5558862499999999,0.6312475000000001,0.053288450913694774,0.4517738775576926,0.378585354616504,0.5249624004988812,0.10350420175348332,0.4825,0.395,0.57,0.12374368670764577
Edge-IIoTset,NF-ToN-IoT-v2,instant_temporal,unsupervised_alignment,0.692220625,0.45114,0.93330125,0.3409394895003823,0.5901864468623745,0.4724039878036247,0.7079689059211244,0.16656955101053783,0.45749999999999996,0.0325,0.8825,0.6010407640085653
Edge-IIoTset,NF-ToN-IoT-v2,instant_temporal,unsupervised_correction,0.571894375,0.498,0.6457887499999999,0.10450242730808332,0.3239087301587301,0.2311507936507936,0.4166666666666667,0.13117953182726633,0.5,0.0,1.0,0.7071067811865476
Edge-IIoTset,NF-ToN-IoT-v2,instant_temporal,zero_shot,0.593566875,0.5558862499999999,0.6312475000000001,0.053288450913694774,0.4708145335827739,0.4166666666666667,0.5249624004988812,0.07657664776633233,0.7849999999999999,0.57,1.0,0.3040559159102154
Edge-IIoTset,ToN-IoT,baseline_common,limited_label_10pct,0.9968600000000001,0.995,0.99872,0.0026304372260139573,0.8497833834670712,0.7110549905580961,0.9885117763760464,0.1961915747380962,0.33375,0.0325,0.635,0.4260318356648949
Edge-IIoTset,ToN-IoT,baseline_common,limited_label_1pct,0.991064375,0.985,0.99712875,0.008576321372316354,0.852910320631245,0.7110549905580961,0.9947656507043938,0.20061373168435911,0.31875,0.0025,0.635,0.4472450391004913
Edge-IIoTset,ToN-IoT,baseline_common,limited_label_5pct,0.996863125,0.995,0.99872625,0.0026348566433964417,0.8497833834670712,0.7110549905580961,0.9885117763760464,0.1961915747380962,0.33375,0.0325,0.635,0.4260318356648949
Edge-IIoTset,ToN-IoT,baseline_common,threshold_calibration,0.45826,0.31152,0.605,0.20752169814262794,0.5861709488377705,0.4166666666666667,0.7556752310088745,0.2397152547266911,0.6975,0.395,1.0,0.42779960261786126
Edge-IIoTset,ToN-IoT,baseline_common,unsupervised_alignment,0.607350625,0.49072625,0.723975,0.1649317728282858,0.46900013344174685,0.4166666666666667,0.521333600216827,0.07401069847932011,0.94625,0.8925,1.0,0.07601397897755385
Edge-IIoTset,ToN-IoT,baseline_common,unsupervised_correction,0.6225,0.5,0.745,0.17324116139070417,0.3194444444444444,0.2222222222222222,0.4166666666666667,0.13749298523071762,0.5,0.0,1.0,0.7071067811865476
Edge-IIoTset,ToN-IoT,baseline_common,zero_shot,0.45826,0.31152,0.605,0.20752169814262794,0.4166666666666667,0.4166666666666667,0.4166666666666667,0.0,1.0,1.0,1.0,0.0
Edge-IIoTset,ToN-IoT,full_multilevel,limited_label_10pct,0.99986875,0.9998275,0.99991,5.833630944787982e-05,0.9861484389932234,0.9740468779864468,0.99825,0.017114191701668783,0.0375,0.0025,0.0725,0.049497474683058325
Edge-IIoTset,ToN-IoT,full_multilevel,limited_label_1pct,0.9935381249999999,0.987205,0.99987125,0.00895639126720414,0.8919904862736296,0.8623644597592863,0.9216165127879729,0.041897528495809196,0.275,0.2025,0.3475,0.10253048327204935
Edge-IIoTset,ToN-IoT,full_multilevel,limited_label_5pct,0.9986875,0.9974375,0.9999375,0.0017677669529664489,0.9672925389363256,0.9380903445358127,0.9964947333368386,0.04129813937226098,0.08750000000000001,0.0075,0.1675,0.11313708498984762
Edge-IIoTset,ToN-IoT,full_multilevel,threshold_calibration,0.15326499999999996,0.0237174999999999,0.2828125,0.1832078314715286,0.2515797662418791,0.0149994974487231,0.4881600350350351,0.3345750247171535,0.95,0.9275,0.9725,0.03181980515339463
Edge-IIoTset,ToN-IoT,full_multilevel,unsupervised_alignment,0.33350562499999997,0.1275049999999999,0.5395062500000001,0.2913288777323342,0.4166666666666667,0.4166666666666667,0.4166666666666667,0.0,1.0,1.0,1.0,0.0
Edge-IIoTset,ToN-IoT,full_multilevel,unsupervised_correction,0.72112875,0.5,0.9422575,0.3127232772806095,0.6851724351575946,0.4166666666666667,0.9536782036485226,0.3797244993752808,0.56125,0.1225,1.0,0.6204862004911954
Edge-IIoTset,ToN-IoT,full_multilevel,zero_shot,0.15326499999999996,0.0237174999999999,0.2828125,0.1832078314715286,0.2252464761872971,0.012824908568443,0.4376680438061512,0.30040946186713696,0.97375,0.9675,0.98,0.008838834764831813
Edge-IIoTset,ToN-IoT,instant_behavioral,limited_label_10pct,0.9994925,0.999,0.999985,0.0006965001794687589,0.9826585254451548,0.976787549964161,0.9885295009261484,0.0083028131495813,0.0475,0.03,0.065,0.024748737341529166
Edge-IIoTset,ToN-IoT,instant_behavioral,limited_label_1pct,0.988515,0.9770825,0.9999475,0.016167996551830387,0.8044355473008197,0.6347826086956522,0.9740884859059872,0.2399254866718779,0.41000000000000003,0.07,0.75,0.4808326112068523
Edge-IIoTset,ToN-IoT,instant_behavioral,limited_label_5pct,0.993249375,0.9865225,0.99997625,0.009513237857388543,0.9570661500209054,0.9400438141358238,0.9740884859059872,0.024073218271952686,0.11625,0.07,0.1625,0.06540737725975565
Edge-IIoTset,ToN-IoT,instant_behavioral,threshold_calibration,0.22214625,0.1570975,0.287195,0.09199282446541684,0.24194506458708748,0.0672234625075083,0.4166666666666667,0.24709365930049607,0.8787499999999999,0.7575,1.0,0.17147339443773785
Edge-IIoTset,ToN-IoT,instant_behavioral,unsupervised_alignment,0.5300581249999999,0.1353512499999999,0.924765,0.5581998157869019,0.4166666666666667,0.4166666666666667,0.4166666666666667,0.0,1.0,1.0,1.0,0.0
Edge-IIoTset,ToN-IoT,instant_behavioral,unsupervised_correction,0.44966875,0.3993375,0.5,0.07117913636119083,0.42064949362882265,0.4166666666666667,0.4246323205909786,0.0056325679064661936,0.9962500000000001,0.9925,1.0,0.005303300858899033
Edge-IIoTset,ToN-IoT,instant_behavioral,zero_shot,0.22214625,0.1570975,0.287195,0.09199282446541684,0.35455557773334556,0.0685296074517631,0.6405815480149281,0.40450180636313776,0.74125,0.74,0.7425,0.0017677669529663704
Edge-IIoTset,ToN-IoT,instant_only,limited_label_10pct,0.95853375,0.9170675,1.0,0.058642133130753366,0.9678354622935903,0.9498432601880876,0.985827664399093,0.025444816234559638,0.07375,0.04,0.1075,0.047729707730091955
Edge-IIoTset,ToN-IoT,instant_only,limited_label_1pct,0.92879,0.85758,1.0,0.1007061477765881,0.9461939128830164,0.942682572577705,0.9497052531883275,0.004965785081878415,0.13875,0.1375,0.14,0.0017677669529663704
Edge-IIoTset,ToN-IoT,instant_only,limited_label_5pct,0.9336325,0.867265,1.0,0.09385781860079642,0.9651016511717316,0.9452731650874066,0.9849301372560566,0.028041713941778595,0.09125000000000001,0.0425,0.14,0.06894291116568839
Edge-IIoTset,ToN-IoT,instant_only,threshold_calibration,0.37426499999999996,0.14353,0.605,0.32630856631415606,0.6151260308436952,0.5074193594436341,0.7228327022437562,0.15232023545202866,0.6325000000000001,0.395,0.87,0.33587572106361
Edge-IIoTset,ToN-IoT,instant_only,unsupervised_alignment,0.6280162499999999,0.5315474999999998,0.724485,0.13642741459517965,0.4561865913219846,0.3910395824271422,0.521333600216827,0.09213178352712674,0.94625,0.8925,1.0,0.07601397897755385
Edge-IIoTset,ToN-IoT,instant_only,unsupervised_correction,0.6499999999999999,0.5575,0.7424999999999999,0.13081475451951122,0.31922827496757455,0.2217898832684824,0.4166666666666667,0.1377986950366781,0.50125,0.0025,1.0,0.7053390142335811
Edge-IIoTset,ToN-IoT,instant_only,zero_shot,0.37426499999999996,0.14353,0.605,0.32630856631415606,0.6285028684110995,0.4166666666666667,0.8403390701555322,0.2995816295085799,0.6975,0.395,1.0,0.42779960261786126
Edge-IIoTset,ToN-IoT,instant_temporal,limited_label_10pct,0.99515875,0.9903325,0.999985,0.0068253482054031955,0.9702210468082144,0.9573112857153052,0.9831308079011236,0.0182571592245887,0.08249999999999999,0.0475,0.1175,0.04949747468305832
Edge-IIoTset,ToN-IoT,instant_temporal,limited_label_1pct,0.92661875,0.8533025000000001,0.999935,0.10368483509233639,0.8696237084299674,0.8367706366741764,0.9024767801857584,0.0464612596426561,0.29375,0.185,0.4025,0.1537957249080741
Edge-IIoTset,ToN-IoT,instant_temporal,limited_label_5pct,0.93808375,0.87622,0.9999475,0.08748855426925856,0.9419679989940355,0.937110906765598,0.9468250912224728,0.006868965703153073,0.1575,0.145,0.17,0.017677669529663705
Edge-IIoTset,ToN-IoT,instant_temporal,threshold_calibration,0.09290124999999999,0.0863,0.0995025,0.009335577278615392,0.24681798296270727,0.1950376040827289,0.2985983618426856,0.07322851407688276,0.8925000000000001,0.875,0.91,0.024748737341529225
Edge-IIoTset,ToN-IoT,instant_temporal,unsupervised_alignment,0.35558249999999997,0.0014249999999999,0.70974,0.5008543397161495,0.43303787272097516,0.004277585939477,0.8617981595024733,0.6063586125733723,0.65625,0.315,0.9975,0.48260037815981877
Edge-IIoTset,ToN-IoT,instant_temporal,unsupervised_correction,0.5627800000000001,0.5,0.62556,0.08878432744578295,0.3166153702667413,0.2165640738668159,0.4166666666666667,0.1414939003017849,0.51625,0.0325,1.0,0.6841258107979847
Edge-IIoTset,ToN-IoT,instant_temporal,zero_shot,0.09290124999999999,0.0863,0.0995025,0.009335577278615392,0.4284610325533549,0.4219893028601778,0.434932762246532,0.009152407904103736,0.95875,0.9225,0.995,0.0512652416360247
NF-ToN-IoT-v2,CICIoT2023,baseline_common,limited_label_10pct,0.942688125,0.9113625,0.97401375,0.04430112372481372,0.85861641000329,0.790209002309729,0.9270238176968512,0.09674268372701972,0.125,0.12,0.13,0.007071067811865481
NF-ToN-IoT-v2,CICIoT2023,baseline_common,limited_label_1pct,0.814196875,0.7101600000000001,0.91823375,0.14713035961191429,0.7895747426509578,0.7071252248859881,0.8720242604159276,0.1166012262343417,0.34249999999999997,0.215,0.47,0.1803122292025696
NF-ToN-IoT-v2,CICIoT2023,baseline_common,limited_label_5pct,0.910291875,0.8582925,0.96229125,0.07353822135992452,0.8459426784157872,0.7739899673856904,0.917895389445884,0.10175649978827511,0.08750000000000001,0.0125,0.1625,0.10606601717798214
NF-ToN-IoT-v2,CICIoT2023,baseline_common,threshold_calibration,0.583411875,0.577825,0.58899875,0.007901034396283172,0.40497807801914215,0.3863279843765446,0.4236281716617397,0.026375215368889714,0.8575,0.8425,0.8725,0.021213203435596444
NF-ToN-IoT-v2,CICIoT2023,baseline_common,unsupervised_alignment,0.27146187499999996,0.2136825,0.32924125,0.08171237575044096,0.38207113023828565,0.3474755938099046,0.4166666666666667,0.04892547681458893,0.9525,0.905,1.0,0.067175144212722
NF-ToN-IoT-v2,CICIoT2023,baseline_common,unsupervised_correction,0.54609625,0.4352499999999999,0.6569425,0.15676027008819873,0.3194444444444444,0.2222222222222222,0.4166666666666667,0.13749298523071757,0.5,0.0,1.0,0.7071067811865476
NF-ToN-IoT-v2,CICIoT2023,baseline_common,zero_shot,0.583411875,0.577825,0.58899875,0.007901034396283172,0.4778151806031866,0.4166666666666667,0.5389636945397065,0.08647705772798664,0.505,0.01,1.0,0.7000357133746821
NF-ToN-IoT-v2,CICIoT2023,full_multilevel,limited_label_10pct,0.8222443749999999,0.6481124999999999,0.99637625,0.24625965926645654,0.5101854349800667,0.4350845165721889,0.5852863533879447,0.10620873735909613,0.60875,0.235,0.9825,0.5285623189369443
NF-ToN-IoT-v2,CICIoT2023,full_multilevel,limited_label_1pct,0.7378606249999999,0.51317,0.96255125,0.31776052921308723,0.4688331155238443,0.450412900385563,0.4872533306621256,0.02605011807038766,0.6775,0.3875,0.9675,0.4101219330881976
NF-ToN-IoT-v2,CICIoT2023,full_multilevel,limited_label_5pct,0.7937575,0.593395,0.99412,0.28335536489097923,0.4340336241644982,0.4166666666666667,0.4514005816623297,0.02456058683059044,0.61125,0.2225,1.0,0.5497755223725407
NF-ToN-IoT-v2,CICIoT2023,full_multilevel,threshold_calibration,0.49053250000000004,0.3178725,0.6631925000000001,0.24417811367933864,0.5288380381405731,0.45578231292517,0.6018937633559762,0.10331639740862512,0.50625,0.2625,0.75,0.3447145558284419
NF-ToN-IoT-v2,CICIoT2023,full_multilevel,unsupervised_alignment,0.487928125,0.36348,0.61237625,0.17599622618690217,0.33730849817242825,0.1583234380861998,0.5162935582586567,0.25312309943610767,0.6425000000000001,0.52,0.765,0.17324116139070408
NF-ToN-IoT-v2,CICIoT2023,full_multilevel,unsupervised_correction,0.058411874999999946,0.0308875,0.0859362499999999,0.03892534442084288,0.2293497765474778,0.0420328864282889,0.4166666666666667,0.2649060864681077,0.9724999999999999,0.945,1.0,0.03889087296526011
NF-ToN-IoT-v2,CICIoT2023,full_multilevel,zero_shot,0.49053250000000004,0.3178725,0.6631925000000001,0.24417811367933864,0.4345989593761849,0.2212598667837301,0.6479380519686397,0.3017070381286191,0.1825,0.05,0.315,0.1873832970144351
NF-ToN-IoT-v2,CICIoT2023,instant_behavioral,limited_label_10pct,0.9298549999999999,0.8651374999999999,0.9945725,0.09152436622288088,0.6417453794799692,0.6287495769350208,0.6547411820249177,0.01837884021298892,0.38625,0.015,0.7575,0.5250267850310115
NF-ToN-IoT-v2,CICIoT2023,instant_behavioral,limited_label_1pct,0.8455256250000001,0.7126075000000001,0.97844375,0.18797461506020224,0.6707260674509887,0.6182378204850115,0.7232143144169659,0.07422959072447342,0.35875,0.1025,0.615,0.3623922253581056
NF-ToN-IoT-v2,CICIoT2023,instant_behavioral,limited_label_5pct,0.9067912499999999,0.8176524999999999,0.99593,0.1260612291829848,0.5384379048219446,0.5067958937890692,0.5700799158548201,0.04474856114345156,0.42,0.005,0.835,0.5868986283848344
NF-ToN-IoT-v2,CICIoT2023,instant_behavioral,threshold_calibration,0.79252375,0.6849774999999999,0.90007,0.15209336533236756,0.7082564850406172,0.6335960819011884,0.7829168881800461,0.10558575469202312,0.2625,0.1625,0.3625,0.14142135623730948
NF-ToN-IoT-v2,CICIoT2023,instant_behavioral,unsupervised_alignment,0.63062,0.5237475,0.7374925,0.1511405389447186,0.6238728749266582,0.5815565950621209,0.6661891547911957,0.059844256893604265,0.31875,0.135,0.5025,0.25986174208605617
NF-ToN-IoT-v2,CICIoT2023,instant_behavioral,unsupervised_correction,0.654205,0.5707675000000001,0.7376425,0.11799844411050503,0.3194444444444444,0.2222222222222222,0.4166666666666667,0.13749298523071757,0.5,0.0,1.0,0.7071067811865476
NF-ToN-IoT-v2,CICIoT2023,instant_behavioral,zero_shot,0.79252375,0.6849774999999999,0.90007,0.15209336533236756,0.4622247629411814,0.2657342657342657,0.6587152601480971,0.27787952602745297,0.02375,0.0,0.0475,0.033587572106361006
NF-ToN-IoT-v2,CICIoT2023,instant_only,limited_label_10pct,0.969674375,0.9471575,0.99219125,0.03184367000725967,0.9086362781891372,0.879630580519738,0.9376419758585364,0.04102025103015802,0.11750000000000001,0.0975,0.1375,0.02828427124746191
NF-ToN-IoT-v2,CICIoT2023,instant_only,limited_label_1pct,0.893590625,0.8157025,0.97147875,0.1101504427228109,0.8043149084567289,0.7687086505416549,0.8399211663718029,0.050354852848852,0.29,0.225,0.355,0.09192388155425117
NF-ToN-IoT-v2,CICIoT2023,instant_only,limited_label_5pct,0.9647049999999999,0.9372925,0.9921175,0.03876712927855252,0.9017844266198249,0.8700966924063201,0.9334721608333296,0.0448132234856123,0.14125,0.1275,0.155,0.019445436482630064
NF-ToN-IoT-v2,CICIoT2023,instant_only,threshold_calibration,0.75522625,0.709645,0.8008074999999999,0.06446162193991863,0.6653201058308075,0.6435240196910541,0.6871161919705608,0.030824320625491453,0.5037499999999999,0.49,0.5175,0.019445436482630075
NF-ToN-IoT-v2,CICIoT2023,instant_only,unsupervised_alignment,0.723741875,0.5615787499999999,0.8859049999999999,0.2293332906918035,0.497836391724513,0.2678383872792105,0.7278343961698155,0.3252662972052942,0.26,0.0,0.52,0.36769552621700474
NF-ToN-IoT-v2,CICIoT2023,instant_only,unsupervised_correction,0.572414375,0.3679925,0.77683625,0.2890961880707375,0.3194444444444444,0.2222222222222222,0.4166666666666667,0.13749298523071757,0.5,0.0,1.0,0.7071067811865476
NF-ToN-IoT-v2,CICIoT2023,instant_only,zero_shot,0.75520875,0.70961,0.8008074999999999,0.06448637067726017,0.3194444444444444,0.2222222222222222,0.4166666666666667,0.13749298523071757,0.5,0.0,1.0,0.7071067811865476
NF-ToN-IoT-v2,CICIoT2023,instant_temporal,limited_label_10pct,0.861165,0.7261475,0.9961825,0.1909435796577094,0.5472698377597899,0.450412900385563,0.6441267751340167,0.13697639444455317,0.6012500000000001,0.235,0.9675,0.517955717219146
NF-ToN-IoT-v2,CICIoT2023,instant_temporal,limited_label_1pct,0.7475993750000001,0.5402100000000001,0.95498875,0.29329286681707967,0.49415274766689055,0.4896173165553311,0.49868817877845,0.006414068189176274,0.63,0.3425,0.9175,0.4065863991822648
NF-ToN-IoT-v2,CICIoT2023,instant_temporal,limited_label_5pct,0.824488125,0.653145,0.99583125,0.24231577119438846,0.5189457481785209,0.4428002857434432,0.5950912106135986,0.1076859456888579,0.625,0.275,0.975,0.49497474683058323
NF-ToN-IoT-v2,CICIoT2023,instant_temporal,threshold_calibration,0.584425,0.4785425,0.6903075000000001,0.14974046751796927,0.5418331531961758,0.4993396756571386,0.5843266307352128,0.060094852248102806,0.49624999999999997,0.3475,0.645,0.21036426740299793
NF-ToN-IoT-v2,CICIoT2023,instant_temporal,unsupervised_alignment,0.5566675,0.393475,0.7198599999999999,0.23078904677757126,0.3672215871211347,0.1718743729775676,0.5625688012647018,0.2762626796136338,0.3125,0.21,0.415,0.14495689014324223
NF-ToN-IoT-v2,CICIoT2023,instant_temporal,unsupervised_correction,0.0377299999999999,0.0366099999999999,0.0388499999999999,0.0015839191898578682,0.2247372314914026,0.0328077963161385,0.4166666666666667,0.2714292102434662,0.9650000000000001,0.93,1.0,0.04949747468305833
NF-ToN-IoT-v2,CICIoT2023,instant_temporal,zero_shot,0.584425,0.4785425,0.6903075000000001,0.14974046751796927,0.2682600181020285,0.2156862745098039,0.3208337616942531,0.07435050121284961,0.02,0.0025,0.0375,0.024748737341529162
NF-ToN-IoT-v2,Edge-IIoTset,baseline_common,limited_label_10pct,0.655794375,0.5485375,0.7630512500000001,0.1516841272827558,0.6652923408967018,0.5993279367609217,0.731256745032482,0.0932877549626802,0.56125,0.5575,0.565,0.005303300858899033
NF-ToN-IoT-v2,Edge-IIoTset,baseline_common,limited_label_1pct,0.5595593750000001,0.4514625,0.6676562500000001,0.15287206667514916,0.5630266352646992,0.4425917670710801,0.6834615034583182,0.17032062398203215,0.28875,0.0,0.5775,0.4083541661352312
NF-ToN-IoT-v2,Edge-IIoTset,baseline_common,limited_label_5pct,0.6066456250000001,0.4514625,0.76182875,0.21946208002643933,0.5711181678910482,0.4166666666666667,0.7255696691154296,0.21842740776040495,0.7849999999999999,0.57,1.0,0.3040559159102154
NF-ToN-IoT-v2,Edge-IIoTset,baseline_common,threshold_calibration,0.37096312499999995,0.2904637499999999,0.4514625,0.11384330788755773,0.4054497412040967,0.3942328157415268,0.4166666666666667,0.015863128117294498,0.9862500000000001,0.9725,1.0,0.019445436482630075
NF-ToN-IoT-v2,Edge-IIoTset,baseline_common,unsupervised_alignment,0.5505256249999999,0.4514625,0.6495887499999999,0.1400964149060612,0.5079973017137942,0.4166666666666667,0.5993279367609217,0.12916102274379518,0.77875,0.5575,1.0,0.3128947506750473
NF-ToN-IoT-v2,Edge-IIoTset,baseline_common,unsupervised_correction,0.47573125,0.4514625,0.5,0.03432119539184206,0.3194444444444444,0.2222222222222222,0.4166666666666667,0.13749298523071757,0.5,0.0,1.0,0.7071067811865476
NF-ToN-IoT-v2,Edge-IIoTset,baseline_common,zero_shot,0.37096312499999995,0.2904637499999999,0.4514625,0.11384330788755773,0.3082951653152284,0.1999236639637901,0.4166666666666667,0.15326044698593821,0.7025,0.405,1.0,0.42072853480599576
NF-ToN-IoT-v2,Edge-IIoTset,full_multilevel,limited_label_10pct,0.99871875,0.9978,0.9996375,0.001299308710430236,0.9253539982201235,0.8603840922738084,0.9903239041664388,0.0918813221353833,0.18625,0.0225,0.35,0.2315774708385943
NF-ToN-IoT-v2,Edge-IIoTset,full_multilevel,limited_label_1pct,0.95214625,0.912235,0.9920575,0.056443031041263164,0.9264765088813857,0.9247397140497742,0.9282133037129972,0.002456198805924462,0.17625000000000002,0.16,0.1925,0.022980970388562786
NF-ToN-IoT-v2,Edge-IIoTset,full_multilevel,limited_label_5pct,0.99190875,0.9848,0.9990175,0.010053290661519734,0.9609556134097654,0.9324270268090152,0.9894842000105156,0.04034551408611628,0.0975,0.0175,0.1775,0.1131370849898476
NF-ToN-IoT-v2,Edge-IIoTset,full_multilevel,threshold_calibration,0.24992812499999995,0.0573837499999999,0.4424725,0.2722988664836512,0.45585123058667415,0.4108229926756538,0.5008794684976945,0.06367954474352733,0.86625,0.755,0.9775,0.1573312588140069
NF-ToN-IoT-v2,Edge-IIoTset,full_multilevel,unsupervised_alignment,0.574355625,0.51823375,0.6304775,0.07936831677080752,0.477663546484838,0.4159365874009178,0.5393905055687582,0.08729510270052905,0.89375,0.7875,1.0,0.15026019100214133
NF-ToN-IoT-v2,Edge-IIoTset,full_multilevel,unsupervised_correction,0.48571062499999995,0.3048625,0.66655875,0.2557578711047448,0.41787569657965384,0.4166666666666667,0.419084726492641,0.0017098265002612025,0.99875,0.9975,1.0,0.001767766952966331
NF-ToN-IoT-v2,Edge-IIoTset,full_multilevel,zero_shot,0.24992812499999995,0.0573837499999999,0.4424725,0.2722988664836512,0.28161512892828366,0.1465635911899006,0.4166666666666667,0.1909917162889632,0.70625,0.4125,1.0,0.41542523394709674
NF-ToN-IoT-v2,Edge-IIoTset,instant_behavioral,limited_label_10pct,0.9957318749999999,0.9950525,0.99641125,0.0009607813389372353,0.9554509220452971,0.930328431772624,0.9805734123179703,0.035528566464200495,0.11375,0.0425,0.185,0.10076271631908303
NF-ToN-IoT-v2,Edge-IIoTset,instant_behavioral,limited_label_1pct,0.899388125,0.87279375,0.9259825,0.037610125807835945,0.8704016703163939,0.8184647302904564,0.9223386103423316,0.073449924972839,0.19374999999999998,0.1825,0.205,0.015909902576697325
NF-ToN-IoT-v2,Edge-IIoTset,instant_behavioral,limited_label_5pct,0.9789668749999999,0.96353625,0.9943974999999998,0.02182219915089323,0.9599954725701647,0.9321863402586872,0.9878046048816423,0.03932805207271941,0.09625,0.01,0.1825,0.12197591975467945
NF-ToN-IoT-v2,Edge-IIoTset,instant_behavioral,threshold_calibration,0.275934375,0.1930525,0.35881625,0.11721267169991159,0.40359511603109477,0.3905235653955229,0.4166666666666667,0.018485964190072434,0.9962500000000001,0.9925,1.0,0.005303300858899033
NF-ToN-IoT-v2,Edge-IIoTset,instant_behavioral,unsupervised_alignment,0.440490625,0.31971,0.56127125,0.1708095979468989,0.46747836036215307,0.4166666666666667,0.5182900540576394,0.07185858635130427,0.88375,0.7675,1.0,0.16440232662587237
NF-ToN-IoT-v2,Edge-IIoTset,instant_behavioral,unsupervised_correction,0.19310374999999996,0.1483349999999999,0.2378725,0.06331257342049057,0.3194444444444444,0.2222222222222222,0.4166666666666667,0.13749298523071757,0.5,0.0,1.0,0.7071067811865476
NF-ToN-IoT-v2,Edge-IIoTset,instant_behavioral,zero_shot,0.27593437499999995,0.1930524999999999,0.35881625,0.11721267169991163,0.3141891891891892,0.2117117117117117,0.4166666666666667,0.14492503848643207,0.53,0.06,1.0,0.6646803743153546
NF-ToN-IoT-v2,Edge-IIoTset,instant_only,limited_label_10pct,0.69836875,0.6511975,0.74554,0.06671022150409185,0.7180981818480372,0.6579621095750128,0.7782342541210616,0.08504524899635978,0.4875,0.345,0.63,0.20152543263816608
NF-ToN-IoT-v2,Edge-IIoTset,instant_only,limited_label_1pct,0.63521125,0.547405,0.7230175,0.12417678961112254,0.6376901166714839,0.5234985619405709,0.751881671402397,0.16149124540892687,0.52875,0.3925,0.665,0.19268659787333423
NF-ToN-IoT-v2,Edge-IIoTset,instant_only,limited_label_5pct,0.7014525,0.64135,0.761555,0.0849977706325289,0.7284343565450515,0.6629464285714286,0.7939222845186744,0.09261391591200992,0.5175,0.3575,0.6775,0.2262741699796952
NF-ToN-IoT-v2,Edge-IIoTset,instant_only,threshold_calibration,0.4503593749999999,0.3281437499999999,0.572575,0.17283899440890432,0.48156551957352056,0.3822454283839315,0.5808856107631096,0.1404598199764494,0.765,0.6075,0.9225,0.22273863607376243
NF-ToN-IoT-v2,Edge-IIoTset,instant_only,unsupervised_alignment,0.5210125,0.5140349999999999,0.5279900000000001,0.009867675131458385,0.3900962839280646,0.3635259011894626,0.4166666666666667,0.03757619562637497,0.5775,0.155,1.0,0.5975052301026326
NF-ToN-IoT-v2,Edge-IIoTset,instant_only,unsupervised_correction,0.578136875,0.5599175000000001,0.59635625,0.025766087222961323,0.3194444444444444,0.2222222222222222,0.4166666666666667,0.13749298523071757,0.5,0.0,1.0,0.7071067811865476
NF-ToN-IoT-v2,Edge-IIoTset,instant_only,zero_shot,0.4503593749999999,0.3281437499999999,0.572575,0.17283899440890432,0.3141891891891892,0.2117117117117117,0.4166666666666667,0.14492503848643207,0.53,0.06,1.0,0.6646803743153546
NF-ToN-IoT-v2,Edge-IIoTset,instant_temporal,limited_label_10pct,0.7902075,0.6047575,0.9756574999999998,0.26226590514209036,0.7771726089214581,0.6414016961774014,0.9129435216655148,0.19200906617841912,0.34625,0.0325,0.66,0.4437095051945586
NF-ToN-IoT-v2,Edge-IIoTset,instant_temporal,limited_label_1pct,0.6959843749999999,0.4475524999999999,0.9444162499999998,0.3513357269507774,0.6783761739428821,0.4843912036363988,0.8723611442493653,0.2743361759039707,0.46749999999999997,0.23,0.705,0.33587572106361
NF-ToN-IoT-v2,Edge-IIoTset,instant_temporal,limited_label_5pct,0.76807,0.5593125000000001,0.9768275,0.2952276877471013,0.7831597491065092,0.6412652517628301,0.9250542464501884,0.2006691225695442,0.36,0.0225,0.6975,0.4772970773009196
NF-ToN-IoT-v2,Edge-IIoTset,instant_temporal,threshold_calibration,0.459698125,0.39646375,0.5229325,0.08942691073318619,0.5664276065790417,0.5295698924731183,0.603285320684965,0.05212467916666692,0.7025,0.6925,0.7125,0.014142135623730963
NF-ToN-IoT-v2,Edge-IIoTset,instant_temporal,unsupervised_alignment,0.4324562499999999,0.3627224999999999,0.5021899999999999,0.09861841500513481,0.4994400474702623,0.4493188732710941,0.5495612216694306,0.07088204431452816,0.6212500000000001,0.405,0.8375,0.3058236828631818
NF-ToN-IoT-v2,Edge-IIoTset,instant_temporal,unsupervised_correction,0.441138125,0.43126125,0.451015,0.013968010578863772,0.419084726492641,0.419084726492641,0.419084726492641,0.0,0.9975,0.9975,0.9975,0.0
NF-ToN-IoT-v2,Edge-IIoTset,instant_temporal,zero_shot,0.459698125,0.39646375,0.5229325,0.08942691073318619,0.32257819154794776,0.2022792022792023,0.4428771808166932,0.17012846216363525,0.54125,0.1125,0.97,0.6063440648674645
NF-ToN-IoT-v2,ToN-IoT,baseline_common,limited_label_10pct,0.8025,0.605,1.0,0.2793071785686863,0.7021425719707595,0.4166666666666667,0.9876184772748522,0.4037238970117853,0.5175,0.035,1.0,0.6823580438450184
NF-ToN-IoT-v2,ToN-IoT,baseline_common,limited_label_1pct,0.80139375,0.605,0.9977875,0.2777427048153111,0.6876326472534519,0.4166666666666667,0.958598627840237,0.3832037646875564,0.55125,0.1025,1.0,0.6346283361149264
NF-ToN-IoT-v2,ToN-IoT,baseline_common,limited_label_5pct,0.8024925,0.605,0.999985,0.27929657196696844,0.6935190980717337,0.4166666666666667,0.9703715294768008,0.3915284632690128,0.54125,0.0825,1.0,0.6487704717386573
NF-ToN-IoT-v2,ToN-IoT,baseline_common,threshold_calibration,0.65125,0.605,0.6975,0.06540737725975566,0.7344528673387789,0.7291844519262436,0.7397212827513141,0.007450664528622841,0.5,0.395,0.605,0.14849242404917495
NF-ToN-IoT-v2,ToN-IoT,baseline_common,unsupervised_alignment,0.65109375,0.6222325,0.679955,0.04081597117704046,0.5522394272394273,0.4166666666666667,0.6878121878121879,0.19172883669035845,0.8025,0.605,1.0,0.2793071785686863
NF-ToN-IoT-v2,ToN-IoT,baseline_common,unsupervised_correction,0.65,0.605,0.6950000000000001,0.06363961030678934,0.3194444444444444,0.2222222222222222,0.4166666666666667,0.13749298523071757,0.5,0.0,1.0,0.7071067811865476
NF-ToN-IoT-v2,ToN-IoT,baseline_common,zero_shot,0.65125,0.605,0.6975,0.06540737725975566,0.3194444444444444,0.2222222222222222,0.4166666666666667,0.13749298523071757,0.5,0.0,1.0,0.7071067811865476
NF-ToN-IoT-v2,ToN-IoT,full_multilevel,limited_label_10pct,0.96539,0.9308125,0.9999675,0.04889996945295571,0.9063404597048654,0.8525446579036063,0.9601362615061244,0.07607875250607547,0.195,0.11,0.28,0.1202081528017131
NF-ToN-IoT-v2,ToN-IoT,full_multilevel,limited_label_1pct,0.83862,0.6772875,0.9999525,0.22815860955155734,0.670239851624769,0.4357177984876331,0.9047619047619048,0.33166426822212114,0.61,0.25,0.97,0.5091168824543142
NF-ToN-IoT-v2,ToN-IoT,full_multilevel,limited_label_5pct,0.926525,0.8530850000000001,0.999965,0.10385984402068003,0.8920879631273241,0.8354290118996002,0.948746914355048,0.08012785725608287,0.20625000000000002,0.14,0.2725,0.09369164850721755
NF-ToN-IoT-v2,ToN-IoT,full_multilevel,threshold_calibration,0.37884749999999995,0.0130549999999999,0.74464,0.5173087145143604,0.4358760442879507,0.0071246206562977,0.8646274679196037,0.606346078186656,0.66125,0.3425,0.98,0.45078057300642405
NF-ToN-IoT-v2,ToN-IoT,full_multilevel,unsupervised_alignment,0.9018818749999999,0.80839375,0.99537,0.1322121742958312,0.6483521079084991,0.5344823176225062,0.7622218981944919,0.16103620176703123,0.4825,0.0875,0.8775,0.5586143571373725
NF-ToN-IoT-v2,ToN-IoT,full_multilevel,unsupervised_correction,0.72538625,0.633985,0.8167875,0.12926088736785385,0.4346347654770023,0.4166666666666667,0.452602864287338,0.02541072902763653,0.9824999999999999,0.965,1.0,0.024748737341529225
NF-ToN-IoT-v2,ToN-IoT,full_multilevel,zero_shot,0.37884749999999995,0.0130549999999999,0.74464,0.5173087145143604,0.5551147312908377,0.2209237618252643,0.889305700756411,0.47261740144082676,0.135,0.0075,0.2625,0.18031222920256962
NF-ToN-IoT-v2,ToN-IoT,instant_behavioral,limited_label_10pct,0.8158325,0.631665,1.0,0.260452176248347,0.8846208242633538,0.7942797166098137,0.974961931916894,0.12776161968344432,0.2125,0.07,0.355,0.20152543263816602
NF-ToN-IoT-v2,ToN-IoT,instant_behavioral,limited_label_1pct,0.56655375,0.13311,0.9999975,0.6129820297758533,0.7118941033739277,0.4837443926120314,0.9400438141358238,0.3226524152109725,0.5375,0.1625,0.9125,0.5303300858899106
NF-ToN-IoT-v2,ToN-IoT,instant_behavioral,limited_label_5pct,0.77760625,0.5552125,1.0,0.31451225743701144,0.7175038919601326,0.4862608695652174,0.948746914355048,0.32702701847503457,0.52125,0.14,0.9025,0.5391689206547424
NF-ToN-IoT-v2,ToN-IoT,instant_behavioral,threshold_calibration,0.38137125,0.0166275,0.746115,0.5158255580408215,0.4398903818540935,0.0162835234378946,0.8634972402702924,0.599070564286448,0.6475,0.345,0.95,0.42779960261786126
NF-ToN-IoT-v2,ToN-IoT,instant_behavioral,unsupervised_alignment,0.9153724999999999,0.83083,0.999915,0.11956115009692746,0.7474479128066818,0.7291844519262436,0.76571137368712,0.025828434072986135,0.32625,0.0475,0.605,0.3942120305115002
NF-ToN-IoT-v2,ToN-IoT,instant_behavioral,unsupervised_correction,0.6884987499999999,0.688245,0.6887524999999999,0.0003588566914520902,0.3194444444444444,0.2222222222222222,0.4166666666666667,0.13749298523071757,0.5,0.0,1.0,0.7071067811865476
NF-ToN-IoT-v2,ToN-IoT,instant_behavioral,zero_shot,0.38137125,0.0166275,0.746115,0.5158255580408215,0.34131435933921767,0.2222222222222222,0.4604064964562131,0.16842171548285123,0.47875,0.0,0.9575,0.6770547429861192
NF-ToN-IoT-v2,ToN-IoT,instant_only,limited_label_10pct,0.8705624999999999,0.7411249999999999,1.0,0.1830522679796676,0.9098251958423331,0.8338227272855734,0.985827664399093,0.10748372180680445,0.21125,0.04,0.3825,0.24218407255639252
NF-ToN-IoT-v2,ToN-IoT,instant_only,limited_label_1pct,0.8522937500000001,0.7046,0.9999875,0.2088705043277413,0.8910025113224527,0.8237504481500639,0.9582545744948414,0.09510877983596432,0.23875,0.115,0.3625,0.1750089283436705
NF-ToN-IoT-v2,ToN-IoT,instant_only,limited_label_5pct,0.86815,0.7363000000000001,1.0,0.18646405819889258,0.9043238009562856,0.8327721150345833,0.975875486877988,0.10118936464113153,0.22875,0.0675,0.39,0.2280419369326616
NF-ToN-IoT-v2,ToN-IoT,instant_only,threshold_calibration,0.7449987499999999,0.7449975,0.7449999999999999,1.7677669528994452e-06,0.8816182151045246,0.8605649398287591,0.90267149038029,0.02977382742736162,0.255,0.255,0.255,0.0
NF-ToN-IoT-v2,ToN-IoT,instant_only,unsupervised_alignment,0.845215625,0.7255212499999999,0.96491,0.16927340846477118,0.6839670370823822,0.4166666666666667,0.9512674074980976,0.37801980906925686,0.5,0.0,1.0,0.7071067811865476
NF-ToN-IoT-v2,ToN-IoT,instant_only,unsupervised_correction,0.8696250000000001,0.7392500000000001,1.0,0.1843780931943922,0.3194444444444444,0.2222222222222222,0.4166666666666667,0.13749298523071757,0.5,0.0,1.0,0.7071067811865476
NF-ToN-IoT-v2,ToN-IoT,instant_only,zero_shot,0.7449987499999999,0.7449975,0.7449999999999999,1.7677669528994452e-06,0.3194444444444444,0.2222222222222222,0.4166666666666667,0.13749298523071757,0.5,0.0,1.0,0.7071067811865476
NF-ToN-IoT-v2,ToN-IoT,instant_temporal,limited_label_10pct,0.8637625,0.7275249999999999,1.0,0.1926689202038046,0.8828113177018813,0.7897471485257744,0.975875486877988,0.1316126102198343,0.25625,0.0675,0.445,0.2669328098979217
NF-ToN-IoT-v2,ToN-IoT,instant_temporal,limited_label_1pct,0.85966125,0.719325,0.9999975,0.19846542804258122,0.8254773902252646,0.7070254110612855,0.9439293693892438,0.1675163954236346,0.38625,0.1525,0.62,0.33057242020471095
NF-ToN-IoT-v2,ToN-IoT,instant_temporal,limited_label_5pct,0.86099875,0.7219975,1.0,0.19657745293681317,0.8475211257471348,0.7501458988309267,0.9448963526633428,0.13770936654405905,0.34500000000000003,0.15,0.54,0.27577164466275356
NF-ToN-IoT-v2,ToN-IoT,instant_temporal,threshold_calibration,0.7022774999999999,0.6597824999999999,0.7447725,0.06009700533304464,0.8660535947368547,0.8453921703611915,0.8867150191125179,0.029219666570008965,0.3375,0.2925,0.3825,0.06363961030678927
NF-ToN-IoT-v2,ToN-IoT,instant_temporal,unsupervised_alignment,0.72710125,0.47639,0.9778125,0.3545592499895116,0.5285922259631218,0.328,0.7291844519262436,0.2836802464636553,0.575,0.545,0.605,0.042426406871192854
NF-ToN-IoT-v2,ToN-IoT,instant_temporal,unsupervised_correction,0.769368125,0.6168649999999999,0.92187125,0.2156719876792795,0.5836437147675684,0.4373767152494224,0.7299107142857143,0.20685277444618094,0.79125,0.6025,0.98,0.2669328098979217
NF-ToN-IoT-v2,ToN-IoT,instant_temporal,zero_shot,0.7022774999999999,0.6597824999999999,0.7447725,0.06009700533304464,0.5409610016162705,0.2213570634037819,0.8605649398287591,0.451988224007954,0.13,0.005,0.255,0.1767766952966369
ToN-IoT,CICIoT2023,baseline_common,limited_label_10pct,0.888513125,0.80869,0.96833625,0.11288694596600286,0.8128738941880754,0.7203283237019809,0.90541946467417,0.1308792009189902,0.18375,0.1775,0.19,0.008838834764831853
ToN-IoT,CICIoT2023,baseline_common,limited_label_1pct,0.7762393750000001,0.68686,0.86561875,0.1264015243214307,0.7345853462472433,0.6708560134526647,0.7983146790418219,0.09012688675908151,0.4275,0.32,0.535,0.1520279579551077
ToN-IoT,CICIoT2023,baseline_common,limited_label_5pct,0.865115,0.7718025,0.9584275,0.13196380303893945,0.7791942289015821,0.6938948433095495,0.8644936144936145,0.12063154796634448,0.20375000000000001,0.135,0.2725,0.09722718241315029
ToN-IoT,CICIoT2023,baseline_common,threshold_calibration,0.550930625,0.43088625,0.670975,0.16976838321160168,0.5891089236871416,0.5053962569286612,0.6728215904456221,0.11838758867226239,0.61,0.495,0.725,0.1626345596729059
ToN-IoT,CICIoT2023,baseline_common,unsupervised_alignment,0.3670999999999999,0.1428274999999999,0.5913725,0.31716921116732,0.4166666666666667,0.4166666666666667,0.4166666666666667,0.0,1.0,1.0,1.0,0.0
ToN-IoT,CICIoT2023,baseline_common,unsupervised_correction,0.4843243749999999,0.1208037499999999,0.847845,0.5140957980773441,0.40113762021486377,0.3856085737630608,0.4166666666666667,0.021961388102861537,0.97875,0.9575,1.0,0.030052038200428257
ToN-IoT,CICIoT2023,baseline_common,zero_shot,0.550930625,0.43088625,0.670975,0.16976838321160168,0.39853160145643346,0.387780502490926,0.4092827004219409,0.01520434996743601,0.99875,0.9975,1.0,0.001767766952966331
ToN-IoT,CICIoT2023,full_multilevel,limited_label_10pct,0.991103125,0.98811,0.99409625,0.004232917968877988,0.46586086401157867,0.419334115731929,0.5123876122912283,0.0657987584301996,0.95,0.9025,0.9975,0.06717514421272204
ToN-IoT,CICIoT2023,full_multilevel,limited_label_1pct,0.48106812499999996,0.01133,0.95080625,0.6643100271387081,0.5468116181934315,0.4166666666666667,0.6769565697201962,0.18405275552353978,0.84375,0.6875,1.0,0.2209708691207961
ToN-IoT,CICIoT2023,full_multilevel,limited_label_5pct,0.9896575000000001,0.98811,0.991205,0.002188495487772296,0.5225463935218728,0.419334115731929,0.6257586713118166,0.1459642030539579,0.88,0.7625,0.9975,0.16617009357883875
ToN-IoT,CICIoT2023,full_multilevel,threshold_calibration,0.149271875,0.01189,0.28665375,0.19428731084924522,0.20148702671013496,0.0185534020012612,0.3844206514190087,0.25870721307735917,0.9025,0.83,0.975,0.1025304832720494
ToN-IoT,CICIoT2023,full_multilevel,unsupervised_alignment,0.16642625,0.01189,0.3209625,0.2185472606282792,0.31374483276963544,0.2108229988726042,0.4166666666666667,0.14555345336149253,0.5325,0.065,1.0,0.661144840409422
ToN-IoT,CICIoT2023,full_multilevel,unsupervised_correction,0.35010374999999994,0.1259999999999999,0.5742075,0.3169305626286696,0.41953118103769205,0.4166666666666667,0.4223956954087174,0.0040510350731167025,0.9924999999999999,0.985,1.0,0.010606601717798262
ToN-IoT,CICIoT2023,full_multilevel,zero_shot,0.149271875,0.01189,0.28665375,0.19428731084924522,0.29059829059829057,0.2222222222222222,0.358974358974359,0.09669836323918601,0.5,0.0,1.0,0.7071067811865476
ToN-IoT,CICIoT2023,instant_behavioral,limited_label_10pct,0.9887025,0.98811,0.989295,0.0008379215357060529,0.601746538154599,0.419334115731929,0.784158960577269,0.25797012173546996,0.75,0.5025,0.9975,0.3500178566873411
ToN-IoT,CICIoT2023,instant_behavioral,limited_label_1pct,0.481395625,0.01189,0.95090125,0.6639812224854565,0.5980097567873304,0.4166666666666667,0.779352846907994,0.25645785749128897,0.74375,0.4875,1.0,0.3623922253581056
ToN-IoT,CICIoT2023,instant_behavioral,limited_label_5pct,0.986853125,0.98559625,0.98811,0.001777489671207749,0.5613697070107289,0.419334115731929,0.7034052982895286,0.20086865952616031,0.82125,0.645,0.9975,0.24925514036825802
ToN-IoT,CICIoT2023,instant_behavioral,threshold_calibration,0.183413125,0.01189,0.35493625,0.24257032963561567,0.26064643461105946,0.0185534020012612,0.5027394672208577,0.34237125007280866,0.84625,0.7175,0.975,0.1820799961555359
ToN-IoT,CICIoT2023,instant_behavioral,unsupervised_alignment,0.22236375,0.01189,0.4328375,0.2976548317735242,0.31374483276963544,0.2108229988726042,0.4166666666666667,0.14555345336149253,0.5325,0.065,1.0,0.661144840409422
ToN-IoT,CICIoT2023,instant_behavioral,unsupervised_correction,0.49905124999999995,0.1055575,0.8925449999999999,0.556484197959048,0.4166666666666667,0.4166666666666667,0.4166666666666667,0.0,1.0,1.0,1.0,0.0
ToN-IoT,CICIoT2023,instant_behavioral,zero_shot,0.183413125,0.01189,0.35493625,0.24257032963561567,0.31927610085073177,0.2222222222222222,0.4163299794792414,0.13725491143735055,0.49875,0.0,0.9975,0.7053390142335811
ToN-IoT,CICIoT2023,instant_only,limited_label_10pct,0.947869375,0.9070125,0.98872625,0.05778034674118227,0.8600369477478301,0.794614703341405,0.9254591921542552,0.0925210253204537,0.2025,0.1625,0.2425,0.0565685424949238
ToN-IoT,CICIoT2023,instant_only,limited_label_1pct,0.897083125,0.8437300000000001,0.95043625,0.075452712969987,0.7880994674801041,0.762210839722113,0.8139880952380952,0.036612048486579646,0.26375000000000004,0.13,0.3975,0.18915106396740144
ToN-IoT,CICIoT2023,instant_only,limited_label_5pct,0.938598125,0.8908224999999999,0.98637375,0.06756493682585124,0.8715796060473717,0.8249671813465025,0.918192030748241,0.06591992318706394,0.155,0.1225,0.1875,0.04596194077712559
ToN-IoT,CICIoT2023,instant_only,threshold_calibration,0.6021449999999999,0.4482400000000001,0.7560499999999999,0.21765453831703102,0.6231649696226527,0.5736803358913818,0.6726496033539235,0.06998184015182841,0.56375,0.4775,0.65,0.1219759197546795
ToN-IoT,CICIoT2023,instant_only,unsupervised_alignment,0.50317625,0.430805,0.5755475,0.10234840327589385,0.5637299419084646,0.4166666666666667,0.7107932171502624,0.20797887837395798,0.7737499999999999,0.5475,1.0,0.3199658184869128
ToN-IoT,CICIoT2023,instant_only,unsupervised_correction,0.522301875,0.10167625,0.9429275,0.5948544635566596,0.4166666666666667,0.4166666666666667,0.4166666666666667,0.0,1.0,1.0,1.0,0.0
ToN-IoT,CICIoT2023,instant_only,zero_shot,0.6021449999999999,0.4482400000000001,0.7560499999999999,0.21765453831703102,0.4694613136433866,0.4137353433835846,0.5251872839031886,0.07880842291781176,0.9025000000000001,0.805,1.0,0.1378858223313767
ToN-IoT,CICIoT2023,instant_temporal,limited_label_10pct,0.945491875,0.8964225000000001,0.9945612499999998,0.06939457562217109,0.7957446418387494,0.7791875649864091,0.8123017186910897,0.023415242637833306,0.34750000000000003,0.2425,0.4525,0.14849242404917498
ToN-IoT,CICIoT2023,instant_temporal,limited_label_1pct,0.8892606249999999,0.8250225,0.95349875,0.09084642759641819,0.7208691796008869,0.7149090909090909,0.7268292682926829,0.008428838260884398,0.39499999999999996,0.1625,0.6275,0.3288046532517445
ToN-IoT,CICIoT2023,instant_temporal,limited_label_5pct,0.930578125,0.87097,0.99018625,0.08429861880263076,0.7249817512814531,0.685811653229158,0.7641518493337482,0.05539488390503968,0.38625000000000004,0.0975,0.675,0.40835416613523123
ToN-IoT,CICIoT2023,instant_temporal,threshold_calibration,0.5394987499999999,0.351865,0.7271325,0.2653541940089227,0.526343520719039,0.4455594522417109,0.607127589196367,0.1142459252643142,0.6125,0.505,0.72,0.15202795795510765
ToN-IoT,CICIoT2023,instant_temporal,unsupervised_alignment,0.5922850000000001,0.46659625,0.7179737500000001,0.17775073488772145,0.5716502117313864,0.4166666666666667,0.7266337567961061,0.2191798313751884,0.77875,0.5575,1.0,0.31289475067504724
ToN-IoT,CICIoT2023,instant_temporal,unsupervised_correction,0.32747062499999996,0.1587275,0.4962137499999999,0.23863881593221842,0.41512019709841913,0.4135737275301716,0.4166666666666667,0.002187038237212957,0.99125,0.9825,1.0,0.012374368670764592
ToN-IoT,CICIoT2023,instant_temporal,zero_shot,0.5394987499999999,0.351865,0.7271325,0.2653541940089227,0.5210433131395508,0.4047619047619047,0.6373247215171969,0.16444674477951152,0.59875,0.1975,1.0,0.5674531919022043
ToN-IoT,Edge-IIoTset,baseline_common,limited_label_10pct,0.661534375,0.5485375,0.7745312500000001,0.15980171313077743,0.672069317582587,0.5993279367609217,0.7448106984042524,0.10287184730374532,0.5625,0.5575,0.5675,0.007071067811865481
ToN-IoT,Edge-IIoTset,baseline_common,limited_label_1pct,0.6133056250000001,0.4514625,0.7751487500000002,0.22888074235184425,0.49480025242035425,0.3184411217198102,0.6711593831208983,0.24940947448503867,0.345,0.0,0.69,0.48790367901871773
ToN-IoT,Edge-IIoTset,baseline_common,limited_label_5pct,0.6131193749999999,0.4514625,0.7747762499999999,0.22861734507585216,0.5306488171993363,0.3164869359944203,0.7448106984042524,0.30287063694332794,0.28375,0.0,0.5675,0.40128309832336573
ToN-IoT,Edge-IIoTset,baseline_common,threshold_calibration,0.415264375,0.37906625,0.4514625,0.05119187930747661,0.3739923504361605,0.3313180342056544,0.4166666666666667,0.06035059677818005,0.72125,0.4425,1.0,0.3942120305115002
ToN-IoT,Edge-IIoTset,baseline_common,unsupervised_alignment,0.510988125,0.4514625,0.57051375,0.084181946183735,0.4166666666666667,0.4166666666666667,0.4166666666666667,0.0,1.0,1.0,1.0,0.0
ToN-IoT,Edge-IIoTset,baseline_common,unsupervised_correction,0.413758125,0.37605375,0.4514625,0.05332203848580102,0.4166666666666667,0.4166666666666667,0.4166666666666667,0.0,1.0,1.0,1.0,0.0
ToN-IoT,Edge-IIoTset,baseline_common,zero_shot,0.415264375,0.37906625,0.4514625,0.05119187930747661,0.3739923504361605,0.3313180342056544,0.4166666666666667,0.06035059677818005,0.72125,0.4425,1.0,0.3942120305115002
ToN-IoT,Edge-IIoTset,full_multilevel,limited_label_10pct,0.8732475,0.7467499999999999,0.999745,0.17889448010629064,0.8342052640534001,0.6961535206040468,0.9722570075027536,0.19523464789532669,0.12625,0.075,0.1775,0.07247844507162111
ToN-IoT,Edge-IIoTset,full_multilevel,limited_label_1pct,0.87348125,0.7474999999999999,0.9994625,0.17816439235471554,0.7135220408060904,0.6963782259813489,0.7306658556308319,0.024245015435962324,0.38875000000000004,0.175,0.6025,0.3022881489572491
ToN-IoT,Edge-IIoTset,full_multilevel,limited_label_5pct,0.873325,0.74675,0.9999,0.1790040816573745,0.821970191850143,0.6961535206040468,0.947786863096239,0.17793164284886612,0.15999999999999998,0.1425,0.1775,0.024748737341529155
ToN-IoT,Edge-IIoTset,full_multilevel,threshold_calibration,0.5068293749999999,0.26615875,0.7474999999999999,0.3403596619398092,0.5222757930898934,0.3481733601984378,0.6963782259813489,0.24621802183724809,0.57375,0.175,0.9725,0.5639176579962717
ToN-IoT,Edge-IIoTset,full_multilevel,unsupervised_alignment,0.498003125,0.46300625,0.5329999999999999,0.049493055265675864,0.4601627053907388,0.4166666666666667,0.5036587441148108,0.06151268787308807,0.9450000000000001,0.89,1.0,0.07778174593052017
ToN-IoT,Edge-IIoTset,full_multilevel,unsupervised_correction,0.39147,0.2892325,0.4937075,0.14458565908311932,0.4166666666666667,0.4166666666666667,0.4166666666666667,0.0,1.0,1.0,1.0,0.0
ToN-IoT,Edge-IIoTset,full_multilevel,zero_shot,0.5068293749999999,0.26615875,0.7474999999999999,0.3403596619398092,0.5565224463240078,0.4166666666666667,0.6963782259813489,0.19778594036767502,0.5875,0.175,1.0,0.5833630944789018
ToN-IoT,Edge-IIoTset,instant_behavioral,limited_label_10pct,0.87321125,0.7467499999999999,0.9996725,0.17884321486465457,0.8166322136848224,0.6961535206040468,0.937110906765598,0.17038260173181846,0.17375000000000002,0.17,0.1775,0.0053033008588991015
ToN-IoT,Edge-IIoTset,instant_behavioral,limited_label_1pct,0.873288125,0.7474999999999999,0.99907625,0.17789127236048222,0.7368005505151555,0.6963782259813489,0.777222875048962,0.057165799578355936,0.34750000000000003,0.175,0.52,0.2439518395093589
ToN-IoT,Edge-IIoTset,instant_behavioral,limited_label_5pct,0.8730800000000001,0.74675,0.99941,0.17865759933459305,0.8262965382993319,0.6961535206040468,0.9564395559946172,0.18405002067283405,0.1475,0.1175,0.1775,0.042426406871192854
ToN-IoT,Edge-IIoTset,instant_behavioral,threshold_calibration,0.5113174999999999,0.2751349999999999,0.7474999999999999,0.3340124946951835,0.5522060263099133,0.4080338266384778,0.6963782259813489,0.203890280092506,0.5875,0.175,1.0,0.5833630944789018
ToN-IoT,Edge-IIoTset,instant_behavioral,unsupervised_alignment,0.5074987499999999,0.4819974999999999,0.5329999999999999,0.03606421360746687,0.4601627053907388,0.4166666666666667,0.5036587441148108,0.06151268787308807,0.9450000000000001,0.89,1.0,0.07778174593052017
ToN-IoT,Edge-IIoTset,instant_behavioral,unsupervised_correction,0.4505425,0.33473875,0.56634625,0.16377123382366338,0.4166666666666667,0.4166666666666667,0.4166666666666667,0.0,1.0,1.0,1.0,0.0
ToN-IoT,Edge-IIoTset,instant_behavioral,zero_shot,0.5113174999999999,0.2751349999999999,0.7474999999999999,0.3340124946951835,0.5565224463240078,0.4166666666666667,0.6963782259813489,0.19778594036767502,0.5875,0.175,1.0,0.5833630944789018
ToN-IoT,Edge-IIoTset,instant_only,limited_label_10pct,0.7101850000000001,0.6606225000000001,0.7597475,0.07009195968511646,0.731270289605189,0.688588520369529,0.7739520588408489,0.060361136919149024,0.49124999999999996,0.34,0.6425,0.21389980130893055
ToN-IoT,Edge-IIoTset,instant_only,limited_label_1pct,0.6839175,0.6371175,0.7307175,0.0661851947190609,0.7060129829780823,0.6522220443875374,0.7598039215686274,0.07607187488752709,0.5475,0.3825,0.7125,0.2333452377915607
ToN-IoT,Edge-IIoTset,instant_only,limited_label_5pct,0.713521875,0.6429849999999999,0.78405875,0.09975420527241578,0.7314836294992726,0.6705243306332865,0.7924429283652585,0.08620946720903219,0.5125,0.3575,0.6675,0.2192031021678297
ToN-IoT,Edge-IIoTset,instant_only,threshold_calibration,0.42577062499999996,0.4184475,0.43309375,0.01035646269395351,0.4345746823920898,0.4166666666666667,0.4524826981175129,0.02532575871408402,0.8887499999999999,0.7775,1.0,0.1573312588140068
ToN-IoT,Edge-IIoTset,instant_only,unsupervised_alignment,0.4499087499999999,0.4410374999999999,0.4587799999999999,0.012545842065202316,0.4166666666666667,0.4166666666666667,0.4166666666666667,0.0,1.0,1.0,1.0,0.0
ToN-IoT,Edge-IIoTset,instant_only,unsupervised_correction,0.5025781250000001,0.41242875,0.5927275000000001,0.12749046876445805,0.4166666666666667,0.4166666666666667,0.4166666666666667,0.0,1.0,1.0,1.0,0.0
ToN-IoT,Edge-IIoTset,instant_only,zero_shot,0.42577062499999996,0.4184475,0.43309375,0.01035646269395351,0.4166666666666667,0.4166666666666667,0.4166666666666667,0.0,1.0,1.0,1.0,0.0
ToN-IoT,Edge-IIoTset,instant_temporal,limited_label_10pct,0.79278125,0.6141475,0.971415,0.25262627194756493,0.8019798997476661,0.68989343989344,0.9140663596018924,0.1585141916842342,0.3225,0.0425,0.6025,0.39597979746446665
ToN-IoT,Edge-IIoTset,instant_temporal,limited_label_1pct,0.7306874999999999,0.5104024999999999,0.9509725,0.31153003458735734,0.6808125131546536,0.5073268232981366,0.8542982030111705,0.24534581547273873,0.40249999999999997,0.195,0.61,0.2934493141924172
ToN-IoT,Edge-IIoTset,instant_temporal,limited_label_5pct,0.765568125,0.5608625,0.97027375,0.28949747116906094,0.7486026140724984,0.576083195059406,0.9211220330855908,0.2439793021410421,0.235,0.0425,0.4275,0.2722361107568208
ToN-IoT,Edge-IIoTset,instant_temporal,threshold_calibration,0.40216875,0.3999825,0.404355,0.00309182440073818,0.36136468101739405,0.2494343869676611,0.473294975067127,0.15829333988554087,0.37124999999999997,0.0075,0.735,0.5144201833132133
ToN-IoT,Edge-IIoTset,instant_temporal,unsupervised_alignment,0.3923224999999999,0.2940574999999999,0.4905874999999999,0.13896769570659218,0.4166666666666667,0.4166666666666667,0.4166666666666667,0.0,1.0,1.0,1.0,0.0
ToN-IoT,Edge-IIoTset,instant_temporal,unsupervised_correction,0.37434624999999994,0.34500875,0.4036837499999999,0.04148949038612062,0.4166666666666667,0.4166666666666667,0.4166666666666667,0.0,1.0,1.0,1.0,0.0
ToN-IoT,Edge-IIoTset,instant_temporal,zero_shot,0.40216875,0.3999825,0.404355,0.00309182440073818,0.32090753541143513,0.2251484041562036,0.4166666666666667,0.1354238621422138,0.50125,0.0025,1.0,0.7053390142335811
ToN-IoT,NF-ToN-IoT-v2,baseline_common,limited_label_10pct,0.88494875,0.7841524999999999,0.985745,0.14254742378634913,0.6600367027335623,0.4166666666666667,0.903406738800458,0.3441772056810331,0.6225,0.245,1.0,0.5338656197958435
ToN-IoT,NF-ToN-IoT-v2,baseline_common,limited_label_1pct,0.879630625,0.7802325,0.97902875,0.14057017644945619,0.6985438454633988,0.4166666666666667,0.9804210242601308,0.39863452917780423,0.5275,0.055,1.0,0.6682159082212874
ToN-IoT,NF-ToN-IoT-v2,baseline_common,limited_label_5pct,0.88029625,0.7841524999999999,0.97644,0.13596779518740826,0.6558522742246662,0.4166666666666667,0.8950378817826656,0.3382595301329715,0.6325000000000001,0.265,1.0,0.5197234841721124
ToN-IoT,NF-ToN-IoT-v2,baseline_common,threshold_calibration,0.64609625,0.51196,0.7802325,0.18969730395586812,0.436503097793628,0.4353381517811048,0.4376680438061512,0.0016474824503427735,0.98,0.98,0.98,0.0
ToN-IoT,NF-ToN-IoT-v2,baseline_common,unsupervised_alignment,0.6748237499999999,0.5694149999999999,0.7802325,0.14907048384279506,0.4271673552364089,0.4166666666666667,0.4376680438061512,0.014850216189585624,0.99,0.98,1.0,0.014142135623730963
ToN-IoT,NF-ToN-IoT-v2,baseline_common,unsupervised_correction,0.5375106249999999,0.30367875,0.7713424999999999,0.3306882089401302,0.41617974401780744,0.4156928213689482,0.4166666666666667,0.0006886126138433763,1.0,1.0,1.0,0.0
ToN-IoT,NF-ToN-IoT-v2,baseline_common,zero_shot,0.64609625,0.51196,0.7802325,0.18969730395586812,0.4271673552364089,0.4166666666666667,0.4376680438061512,0.014850216189585664,0.99,0.98,1.0,0.014142135623730963
ToN-IoT,NF-ToN-IoT-v2,full_multilevel,limited_label_10pct,0.717716875,0.4469337499999999,0.9885,0.38294516783676913,0.7313888790106903,0.4865645228892097,0.9762132351321708,0.3462339248262583,0.48625,0.045,0.9275,0.6240217343971282
ToN-IoT,NF-ToN-IoT-v2,full_multilevel,limited_label_1pct,0.659979375,0.5530662500000001,0.7668925,0.15119799137068993,0.4313228339717441,0.38448483655951,0.4781608313839782,0.0662389311747774,0.14375,0.08,0.2075,0.0901561146012848
ToN-IoT,NF-ToN-IoT-v2,full_multilevel,limited_label_5pct,0.7165168749999999,0.4469337499999999,0.9861,0.3812481115619214,0.723304673304668,0.4767255597612634,0.9698837868480724,0.34871552657101795,0.50125,0.0625,0.94,0.6204862004911954
ToN-IoT,NF-ToN-IoT-v2,full_multilevel,threshold_calibration,0.43584187500000005,0.3186175,0.5530662500000001,0.16578030096570964,0.46184100088472524,0.3858733757919986,0.5378086259774518,0.10743444570740865,0.665,0.3775,0.9525,0.4065863991822648
ToN-IoT,NF-ToN-IoT-v2,full_multilevel,unsupervised_alignment,0.6448925000000001,0.5530662500000001,0.73671875,0.1298619281318623,0.40057575161308834,0.38448483655951,0.4166666666666667,0.022755990299763895,0.60375,0.2075,1.0,0.5603821240903389
ToN-IoT,NF-ToN-IoT-v2,full_multilevel,unsupervised_correction,0.5689075,0.55614875,0.58166625,0.018043597288927786,0.41617974401780744,0.4156928213689482,0.4166666666666667,0.0006886126138433763,1.0,1.0,1.0,0.0
ToN-IoT,NF-ToN-IoT-v2,full_multilevel,zero_shot,0.43584187500000005,0.3186175,0.5530662500000001,0.16578030096570964,0.3194444444444444,0.2222222222222222,0.4166666666666667,0.13749298523071762,0.5,0.0,1.0,0.7071067811865476
ToN-IoT,NF-ToN-IoT-v2,instant_behavioral,limited_label_10pct,0.7164925,0.4469337499999999,0.98605125,0.3812136401063386,0.7299329598037849,0.4865645228892097,0.9733013967183602,0.3441749441381334,0.49624999999999997,0.065,0.9275,0.6098795987733973
ToN-IoT,NF-ToN-IoT-v2,instant_behavioral,limited_label_1pct,0.7552325,0.5530662500000001,0.95739875,0.2859062526041097,0.6726943096227354,0.38448483655951,0.9609037826859608,0.4075897456104166,0.14375,0.08,0.2075,0.0901561146012848
ToN-IoT,NF-ToN-IoT-v2,instant_behavioral,limited_label_5pct,0.7159556249999999,0.4469337499999999,0.9849775,0.3804543842000396,0.7240781952431923,0.4767255597612634,0.9714308307251212,0.3498094517872723,0.50625,0.0725,0.94,0.6134151326793299
ToN-IoT,NF-ToN-IoT-v2,instant_behavioral,threshold_calibration,0.486831875,0.4205975,0.5530662500000001,0.0936695514203055,0.5196952117913065,0.5015817976051613,0.5378086259774518,0.025616236002927804,0.645,0.3775,0.9125,0.37830212793480283
ToN-IoT,NF-ToN-IoT-v2,instant_behavioral,unsupervised_alignment,0.607060625,0.5530662500000001,0.661055,0.07635957741685868,0.40057575161308834,0.38448483655951,0.4166666666666667,0.022755990299763895,0.60375,0.2075,1.0,0.5603821240903389
ToN-IoT,NF-ToN-IoT-v2,instant_behavioral,unsupervised_correction,0.632544375,0.589615,0.6754737500000001,0.06071130434920055,0.41617974401780744,0.4156928213689482,0.4166666666666667,0.0006886126138433763,1.0,1.0,1.0,0.0
ToN-IoT,NF-ToN-IoT-v2,instant_behavioral,zero_shot,0.486831875,0.4205975,0.5530662500000001,0.0936695514203055,0.3194444444444444,0.2222222222222222,0.4166666666666667,0.13749298523071762,0.5,0.0,1.0,0.7071067811865476
ToN-IoT,NF-ToN-IoT-v2,instant_only,limited_label_10pct,0.56403,0.13935,0.98871,0.600588215668606,0.671214974284028,0.4376680438061512,0.9047619047619048,0.3302852365324197,0.615,0.25,0.98,0.5161879502661797
ToN-IoT,NF-ToN-IoT-v2,instant_only,limited_label_1pct,0.885975,0.7841524999999999,0.9877975,0.14399876045473453,0.9419138815302943,0.903406738800458,0.9804210242601308,0.054457323496771216,0.15,0.055,0.245,0.13435028842544403
ToN-IoT,NF-ToN-IoT-v2,instant_only,limited_label_5pct,0.8827375,0.7840725,0.9814025,0.13953338113154143,0.5932738186461108,0.291509755509556,0.8950378817826656,0.4267588307245267,0.24875000000000003,0.2325,0.265,0.022980970388562786
ToN-IoT,NF-ToN-IoT-v2,instant_only,threshold_calibration,0.66997375,0.4546775,0.88527,0.3044748766780685,0.4370854733349925,0.4365029028638337,0.4376680438061512,0.0008238790613507763,0.98,0.98,0.98,0.0
ToN-IoT,NF-ToN-IoT-v2,instant_only,unsupervised_alignment,0.725165625,0.56515125,0.88518,0.22629449929965434,0.42401860734088515,0.4166666666666667,0.4313705480151036,0.010397214211242142,0.9924999999999999,0.985,1.0,0.010606601717798262
ToN-IoT,NF-ToN-IoT-v2,instant_only,unsupervised_correction,0.70532,0.6462262500000001,0.7644137499999999,0.08357118270148489,0.41617974401780744,0.4156928213689482,0.4166666666666667,0.0006886126138433763,1.0,1.0,1.0,0.0
ToN-IoT,NF-ToN-IoT-v2,instant_only,zero_shot,0.66997375,0.4546775,0.88527,0.3044748766780685,0.4166666666666667,0.4166666666666667,0.4166666666666667,0.0,1.0,1.0,1.0,0.0
ToN-IoT,NF-ToN-IoT-v2,instant_temporal,limited_label_10pct,0.6629475,0.33407625,0.99181875,0.46509418202459263,0.6768071345253902,0.3811810438461098,0.9724332252046706,0.41807842682997676,0.18125,0.065,0.2975,0.16440232662587229
ToN-IoT,NF-ToN-IoT-v2,instant_temporal,limited_label_1pct,0.6784250000000001,0.54975875,0.80709125,0.18196155576968726,0.3858587944673799,0.3545978126414555,0.4171197762933043,0.04420970447132114,0.07,0.0425,0.0975,0.038890872965260115
ToN-IoT,NF-ToN-IoT-v2,instant_temporal,limited_label_5pct,0.76443875,0.5411062499999999,0.98777125,0.3158398504186893,0.6744741692524991,0.389285402696634,0.9596629358083644,0.40331782149975914,0.20750000000000002,0.095,0.32,0.1590990257669732
ToN-IoT,NF-ToN-IoT-v2,instant_temporal,threshold_calibration,0.47242375,0.40395375,0.54089375,0.09683120261568579,0.46615265886190227,0.4623303628633001,0.4699749548605044,0.005405542840627552,0.9337500000000001,0.93,0.9375,0.005303300858899111
ToN-IoT,NF-ToN-IoT-v2,instant_temporal,unsupervised_alignment,0.6059399999999999,0.60413375,0.6077462499999999,0.0025544232470363767,0.41617974401780744,0.4156928213689482,0.4166666666666667,0.0006886126138433763,1.0,1.0,1.0,0.0
ToN-IoT,NF-ToN-IoT-v2,instant_temporal,unsupervised_correction,0.47356937500000007,0.41022,0.5369187500000002,0.08958954529285924,0.41617974401780744,0.4156928213689482,0.4166666666666667,0.0006886126138433763,1.0,1.0,1.0,0.0
ToN-IoT,NF-ToN-IoT-v2,instant_temporal,zero_shot,0.47242375,0.40395375,0.54089375,0.09683120261568579,0.4082436067781504,0.3998205468896341,0.4166666666666667,0.01191200553102054,0.8400000000000001,0.68,1.0,0.22627416997969513
