model,profile,adaptation_method,metric,mean,ci_lower_95,ci_upper_95
LogisticRegression,baseline_common,zero_shot,roc_auc,0.48707354166666655,0.35410642187499997,0.6044719427083333
LogisticRegression,baseline_common,zero_shot,macro_f1,0.39037917166902436,0.35242074446811317,0.41666666666666674
LogisticRegression,baseline_common,zero_shot,fpr,0.9175,0.7539583333333333,0.9997916666666667
LogisticRegression,baseline_common,unsupervised_alignment,roc_auc,0.46544187499999995,0.3301316354166667,0.5931532760416666
LogisticRegression,baseline_common,unsupervised_alignment,macro_f1,0.4301978389766294,0.4184509512321448,0.44832267805204434
LogisticRegression,baseline_common,unsupervised_alignment,fpr,0.9454166666666666,0.8639583333333333,0.9947916666666666
LogisticRegression,baseline_common,unsupervised_correction,roc_auc,0.5071139583333332,0.34937982812499996,0.6491577031249999
LogisticRegression,baseline_common,unsupervised_correction,macro_f1,0.3624356104154102,0.3017176863049018,0.4165855128918568
LogisticRegression,baseline_common,unsupervised_correction,fpr,0.8197916666666667,0.5820833333333334,0.9991666666666666
LogisticRegression,baseline_common,threshold_calibration,roc_auc,0.48707354166666655,0.35410642187499997,0.6044719427083333
LogisticRegression,baseline_common,threshold_calibration,macro_f1,0.5262717879024069,0.4273729357257794,0.6356928619481791
LogisticRegression,baseline_common,threshold_calibration,fpr,0.7602083333333335,0.5933333333333334,0.9093802083333334
LogisticRegression,baseline_common,limited_label_1pct,roc_auc,0.5878227083333333,0.42955921874999997,0.7354389791666666
LogisticRegression,baseline_common,limited_label_1pct,macro_f1,0.4864284455226456,0.3802591476382956,0.5990038424348937
LogisticRegression,baseline_common,limited_label_1pct,fpr,0.413125,0.19749479166666672,0.6462552083333334
LogisticRegression,baseline_common,limited_label_5pct,roc_auc,0.6083233333333333,0.4414997135416666,0.7619455052083333
LogisticRegression,baseline_common,limited_label_5pct,macro_f1,0.4920165836768693,0.37958049170382113,0.6113890055504513
LogisticRegression,baseline_common,limited_label_5pct,fpr,0.4124999999999999,0.17436979166666675,0.6789583333333334
LogisticRegression,baseline_common,limited_label_10pct,roc_auc,0.633153125,0.46472876562500004,0.7843340104166666
LogisticRegression,baseline_common,limited_label_10pct,macro_f1,0.5630796495179639,0.46085649004101814,0.664274316427676
LogisticRegression,baseline_common,limited_label_10pct,fpr,0.49791666666666673,0.29270312500000006,0.7108385416666667
LogisticRegression,instant_only,zero_shot,roc_auc,0.5666581249999999,0.407397265625,0.707813328125
LogisticRegression,instant_only,zero_shot,macro_f1,0.46115721870774434,0.4165855128918569,0.5322950145749089
LogisticRegression,instant_only,zero_shot,fpr,0.933125,0.831875,1.0
LogisticRegression,instant_only,unsupervised_alignment,roc_auc,0.5749733333333332,0.4433933802083334,0.7027394010416667
LogisticRegression,instant_only,unsupervised_alignment,macro_f1,0.5465814832766213,0.45281403779618007,0.6516987888934566
LogisticRegression,instant_only,unsupervised_alignment,fpr,0.7487499999999999,0.558328125,0.9127083333333333
LogisticRegression,instant_only,unsupervised_correction,roc_auc,0.5942063541666667,0.4423739296875,0.7315884296874998
LogisticRegression,instant_only,unsupervised_correction,macro_f1,0.3624180765833276,0.3021108550464724,0.416504359117047
LogisticRegression,instant_only,unsupervised_correction,fpr,0.8329166666666667,0.5835416666666666,0.9995833333333334
LogisticRegression,instant_only,threshold_calibration,roc_auc,0.5666581249999999,0.407397265625,0.707813328125
LogisticRegression,instant_only,threshold_calibration,macro_f1,0.5694633969291092,0.47252212076778727,0.6759001736789119
LogisticRegression,instant_only,threshold_calibration,fpr,0.7033333333333335,0.5277083333333333,0.8677239583333332
LogisticRegression,instant_only,limited_label_1pct,roc_auc,0.6568431250000001,0.5188232916666667,0.7675397083333334
LogisticRegression,instant_only,limited_label_1pct,macro_f1,0.7161472906746948,0.5914492351463799,0.8242418674450571
LogisticRegression,instant_only,limited_label_1pct,fpr,0.3483333333333334,0.22437500000000002,0.48229166666666673
LogisticRegression,instant_only,limited_label_5pct,roc_auc,0.6886658333333333,0.5458934427083334,0.8033149062499999
LogisticRegression,instant_only,limited_label_5pct,macro_f1,0.6999841496730211,0.5657038473659883,0.820887747427289
LogisticRegression,instant_only,limited_label_5pct,fpr,0.3441666666666667,0.229375,0.46938020833333327
LogisticRegression,instant_only,limited_label_10pct,roc_auc,0.6455860416666667,0.47724956250000006,0.7935570364583333
LogisticRegression,instant_only,limited_label_10pct,macro_f1,0.7132676354073596,0.5888242395238908,0.8252800736938304
LogisticRegression,instant_only,limited_label_10pct,fpr,0.4008333333333334,0.2587395833333334,0.5566718749999999
LogisticRegression,instant_temporal,zero_shot,roc_auc,0.4154880208333333,0.27409973697916673,0.5514573723958331
LogisticRegression,instant_temporal,zero_shot,macro_f1,0.4487329973196281,0.37345607833563177,0.5451752609725623
LogisticRegression,instant_temporal,zero_shot,fpr,0.6687500000000001,0.4335312500000001,0.8898020833333332
LogisticRegression,instant_temporal,unsupervised_alignment,roc_auc,0.5107955208333333,0.39941916927083326,0.629991015625
LogisticRegression,instant_temporal,unsupervised_alignment,macro_f1,0.4667635461001111,0.35727949389562524,0.5833793395881336
LogisticRegression,instant_temporal,unsupervised_alignment,fpr,0.5339583333333334,0.3864479166666668,0.686875
LogisticRegression,instant_temporal,unsupervised_correction,roc_auc,0.41609687500000003,0.29171213802083334,0.5304483385416666
LogisticRegression,instant_temporal,unsupervised_correction,macro_f1,0.3891181845226179,0.28626846207828865,0.49551571495266145
LogisticRegression,instant_temporal,unsupervised_correction,fpr,0.7789583333333333,0.5370833333333335,0.9916666666666667
LogisticRegression,instant_temporal,threshold_calibration,roc_auc,0.4154880208333333,0.27409973697916673,0.5514573723958331
LogisticRegression,instant_temporal,threshold_calibration,macro_f1,0.45686290766284304,0.36520636238183435,0.5623054822462191
LogisticRegression,instant_temporal,threshold_calibration,fpr,0.6752083333333333,0.47833333333333333,0.8535624999999997
LogisticRegression,instant_temporal,limited_label_1pct,roc_auc,0.5475094791666667,0.4255455130208333,0.6684290234374999
LogisticRegression,instant_temporal,limited_label_1pct,macro_f1,0.5378229665663801,0.4382030201617218,0.6466462360865062
LogisticRegression,instant_temporal,limited_label_1pct,fpr,0.4175,0.2620833333333334,0.5806250000000001
LogisticRegression,instant_temporal,limited_label_5pct,roc_auc,0.6393653125000001,0.5198238385416667,0.7544905494791667
LogisticRegression,instant_temporal,limited_label_5pct,macro_f1,0.6195881631091045,0.5076216207627059,0.7358163619849397
LogisticRegression,instant_temporal,limited_label_5pct,fpr,0.3402083333333334,0.22958333333333336,0.4520885416666666
LogisticRegression,instant_temporal,limited_label_10pct,roc_auc,0.6560921875,0.5221885494791668,0.7841006770833332
LogisticRegression,instant_temporal,limited_label_10pct,macro_f1,0.6430808990626752,0.5244268851237747,0.761273054853041
LogisticRegression,instant_temporal,limited_label_10pct,fpr,0.33020833333333327,0.22270833333333337,0.43875000000000003
LogisticRegression,instant_behavioral,zero_shot,roc_auc,0.44356645833333336,0.31231225000000007,0.5738944166666666
LogisticRegression,instant_behavioral,zero_shot,macro_f1,0.3521407789529431,0.2527671069010842,0.459154653213713
LogisticRegression,instant_behavioral,zero_shot,fpr,0.4456250000000001,0.22207812500000004,0.6760520833333332
LogisticRegression,instant_behavioral,unsupervised_alignment,roc_auc,0.3897640625,0.26959252604166667,0.514074859375
LogisticRegression,instant_behavioral,unsupervised_alignment,macro_f1,0.4728397873002397,0.3947663027474836,0.5571109491749393
LogisticRegression,instant_behavioral,unsupervised_alignment,fpr,0.6706249999999999,0.4581250000000001,0.859375
LogisticRegression,instant_behavioral,unsupervised_correction,roc_auc,0.482113125,0.347772359375,0.6091535755208333
LogisticRegression,instant_behavioral,unsupervised_correction,macro_f1,0.4513732358272505,0.41642320534223703,0.5203680598235254
LogisticRegression,instant_behavioral,unsupervised_correction,fpr,0.9512499999999999,0.8543750000000001,1.0
LogisticRegression,instant_behavioral,threshold_calibration,roc_auc,0.44356645833333336,0.31231225000000007,0.5738944166666666
LogisticRegression,instant_behavioral,threshold_calibration,macro_f1,0.4976835331981618,0.3539622306159105,0.633307171230944
LogisticRegression,instant_behavioral,threshold_calibration,fpr,0.6262500000000001,0.4458229166666668,0.7985416666666666
LogisticRegression,instant_behavioral,limited_label_1pct,roc_auc,0.6271584375,0.4443984869791668,0.7868439583333333
LogisticRegression,instant_behavioral,limited_label_1pct,macro_f1,0.6730228625487745,0.5650812688968074,0.7841639435373071
LogisticRegression,instant_behavioral,limited_label_1pct,fpr,0.3908333333333333,0.2212447916666667,0.5900052083333334
LogisticRegression,instant_behavioral,limited_label_5pct,roc_auc,0.7712871875000001,0.6356026458333333,0.8935335989583333
LogisticRegression,instant_behavioral,limited_label_5pct,macro_f1,0.6746574184258202,0.5397946008777418,0.81141070076635
LogisticRegression,instant_behavioral,limited_label_5pct,fpr,0.35208333333333336,0.16895312500000004,0.5668802083333333
LogisticRegression,instant_behavioral,limited_label_10pct,roc_auc,0.8098607291666666,0.6828587994791666,0.9195211614583333
LogisticRegression,instant_behavioral,limited_label_10pct,macro_f1,0.7678513576976753,0.6547967073349309,0.8756615160029452
LogisticRegression,instant_behavioral,limited_label_10pct,fpr,0.32875000000000004,0.14373958333333342,0.5423072916666665
LogisticRegression,full_multilevel,zero_shot,roc_auc,0.39139989583333334,0.23354460416666675,0.54208840625
LogisticRegression,full_multilevel,zero_shot,macro_f1,0.4135365338463366,0.2805434380519333,0.5527905197184865
LogisticRegression,full_multilevel,zero_shot,fpr,0.6027083333333333,0.36228645833333334,0.8366666666666666
LogisticRegression,full_multilevel,unsupervised_alignment,roc_auc,0.38936322916666666,0.2637552213541666,0.5161116354166666
LogisticRegression,full_multilevel,unsupervised_alignment,macro_f1,0.43732322719937905,0.35035052117011317,0.5246466926775585
LogisticRegression,full_multilevel,unsupervised_alignment,fpr,0.6575000000000001,0.4566614583333333,0.8364583333333333
LogisticRegression,full_multilevel,unsupervised_correction,roc_auc,0.4453504166666667,0.30543826822916675,0.5825541197916667
LogisticRegression,full_multilevel,unsupervised_correction,macro_f1,0.455829057469455,0.3908324958890614,0.5550223653634972
LogisticRegression,full_multilevel,unsupervised_correction,fpr,0.90625,0.7558333333333334,0.9950000000000001
LogisticRegression,full_multilevel,threshold_calibration,roc_auc,0.39139989583333334,0.23354460416666675,0.54208840625
LogisticRegression,full_multilevel,threshold_calibration,macro_f1,0.41788746586368736,0.2811788343573031,0.5546840083588966
LogisticRegression,full_multilevel,threshold_calibration,fpr,0.708125,0.5299947916666667,0.8750104166666666
LogisticRegression,full_multilevel,limited_label_1pct,roc_auc,0.6605138541666666,0.502702296875,0.7967476692708333
LogisticRegression,full_multilevel,limited_label_1pct,macro_f1,0.6600093353673553,0.547466394364253,0.7741078424314095
LogisticRegression,full_multilevel,limited_label_1pct,fpr,0.43333333333333335,0.2685416666666667,0.6264583333333332
LogisticRegression,full_multilevel,limited_label_5pct,roc_auc,0.7958203125000001,0.6916875807291667,0.8956966744791668
LogisticRegression,full_multilevel,limited_label_5pct,macro_f1,0.696227698988508,0.5718121377609752,0.8268789285466797
LogisticRegression,full_multilevel,limited_label_5pct,fpr,0.32583333333333336,0.1535312500000001,0.5264583333333333
LogisticRegression,full_multilevel,limited_label_10pct,roc_auc,0.8292028125,0.7301346093750001,0.9201225546875
LogisticRegression,full_multilevel,limited_label_10pct,macro_f1,0.727815363445357,0.6163713532627645,0.8468224311030433
LogisticRegression,full_multilevel,limited_label_10pct,fpr,0.32333333333333325,0.144375,0.5323020833333332
RandomForest,baseline_common,zero_shot,roc_auc,0.49406760416666673,0.4012779739583333,0.6055634166666667
RandomForest,baseline_common,zero_shot,macro_f1,0.3958882555703504,0.3032315940272831,0.5077676651368044
RandomForest,baseline_common,zero_shot,fpr,0.559375,0.33040625000000007,0.7756250000000001
RandomForest,baseline_common,unsupervised_alignment,roc_auc,0.4883069791666666,0.3635315234375,0.6080827239583332
RandomForest,baseline_common,unsupervised_alignment,macro_f1,0.44447578160175977,0.38405311232910183,0.5099345948834606
RandomForest,baseline_common,unsupervised_alignment,fpr,0.8931250000000001,0.7983333333333333,0.9708333333333333
RandomForest,baseline_common,unsupervised_correction,roc_auc,0.4608596875,0.36632001822916677,0.5588273125000001
RandomForest,baseline_common,unsupervised_correction,macro_f1,0.3189710651581378,0.2686184081533068,0.37153864734299513
RandomForest,baseline_common,unsupervised_correction,fpr,0.4925,0.24250000000000002,0.7460416666666667
RandomForest,baseline_common,threshold_calibration,roc_auc,0.49406760416666673,0.4012779739583333,0.6055634166666667
RandomForest,baseline_common,threshold_calibration,macro_f1,0.48892744107679126,0.4147403613002779,0.5846877445369393
RandomForest,baseline_common,threshold_calibration,fpr,0.8029166666666666,0.6574947916666666,0.9266666666666666
RandomForest,baseline_common,limited_label_1pct,roc_auc,0.8985313541666667,0.8313741588541668,0.9587114609375
RandomForest,baseline_common,limited_label_1pct,macro_f1,0.8668434331099241,0.7928651798178008,0.9351327410427507
RandomForest,baseline_common,limited_label_1pct,fpr,0.24645833333333333,0.12520833333333334,0.38104166666666667
RandomForest,baseline_common,limited_label_5pct,roc_auc,0.926355,0.8729799895833333,0.9753564505208332
RandomForest,baseline_common,limited_label_5pct,macro_f1,0.8751505457331809,0.8254112952509186,0.9221991396890368
RandomForest,baseline_common,limited_label_5pct,fpr,0.2777083333333334,0.17770833333333336,0.3833333333333333
RandomForest,baseline_common,limited_label_10pct,roc_auc,0.9327873958333334,0.8782585234374999,0.9841330494791666
RandomForest,baseline_common,limited_label_10pct,macro_f1,0.8880736227554569,0.8352631072808294,0.9373684471204287
RandomForest,baseline_common,limited_label_10pct,fpr,0.24750000000000003,0.139375,0.3614635416666666
RandomForest,instant_only,zero_shot,roc_auc,0.5298548958333333,0.4169078723958334,0.6539176510416665
RandomForest,instant_only,zero_shot,macro_f1,0.38640267933044375,0.3018283149174595,0.491170222038258
RandomForest,instant_only,zero_shot,fpr,0.623125,0.35538020833333367,0.8645833333333334
RandomForest,instant_only,unsupervised_alignment,roc_auc,0.5745469791666666,0.4781286041666666,0.6878493411458331
RandomForest,instant_only,unsupervised_alignment,macro_f1,0.45836272998110195,0.3809382111608062,0.5643348554920088
RandomForest,instant_only,unsupervised_alignment,fpr,0.7077083333333333,0.4722916666666667,0.9091822916666664
RandomForest,instant_only,unsupervised_correction,roc_auc,0.5577835416666665,0.4174570494791667,0.6903505572916666
RandomForest,instant_only,unsupervised_correction,macro_f1,0.31941916770158,0.27001100464752537,0.3684288047841629
RandomForest,instant_only,unsupervised_correction,fpr,0.5022916666666667,0.25,0.7522916666666667
RandomForest,instant_only,threshold_calibration,roc_auc,0.5298578125000001,0.4169078723958334,0.6539177968749998
RandomForest,instant_only,threshold_calibration,macro_f1,0.5914622834909936,0.4919024640465301,0.7017621411780897
RandomForest,instant_only,threshold_calibration,fpr,0.680625,0.5189583333333333,0.8295833333333333
RandomForest,instant_only,limited_label_1pct,roc_auc,0.9196839583333333,0.8544720937500001,0.9804462760416667
RandomForest,instant_only,limited_label_1pct,macro_f1,0.8837535237762516,0.8302997519797265,0.9344032397172244
RandomForest,instant_only,limited_label_1pct,fpr,0.22312500000000002,0.14354166666666665,0.30333333333333334
RandomForest,instant_only,limited_label_5pct,roc_auc,0.9387034375000001,0.8849025364583334,0.9902511692708333
RandomForest,instant_only,limited_label_5pct,macro_f1,0.9000210322880515,0.8608188929651381,0.9374023669348733
RandomForest,instant_only,limited_label_5pct,fpr,0.21020833333333336,0.14541666666666667,0.27333854166666666
RandomForest,instant_only,limited_label_10pct,roc_auc,0.9344266666666666,0.8748015572916666,0.9923519427083334
RandomForest,instant_only,limited_label_10pct,macro_f1,0.9014546228148995,0.8562858791226857,0.9437170580603658
RandomForest,instant_only,limited_label_10pct,fpr,0.19062500000000002,0.12479166666666668,0.2547916666666667
RandomForest,instant_temporal,zero_shot,roc_auc,0.42650187500000003,0.33102711718749994,0.5200432942708333
RandomForest,instant_temporal,zero_shot,macro_f1,0.40871005050885073,0.32547133686267915,0.509094321007301
RandomForest,instant_temporal,zero_shot,fpr,0.6735416666666666,0.427703125,0.8893854166666666
RandomForest,instant_temporal,unsupervised_alignment,roc_auc,0.552016875,0.40764642968750003,0.6919774583333331
RandomForest,instant_temporal,unsupervised_alignment,macro_f1,0.46433961231713344,0.349739649907251,0.5800130713426832
RandomForest,instant_temporal,unsupervised_alignment,fpr,0.7654166666666667,0.5679166666666667,0.92375
RandomForest,instant_temporal,unsupervised_correction,roc_auc,0.4653903125,0.34206285156249994,0.5883965911458332
RandomForest,instant_temporal,unsupervised_correction,macro_f1,0.36237249198009674,0.2718681371172539,0.45327481918929785
RandomForest,instant_temporal,unsupervised_correction,fpr,0.7108333333333333,0.4610416666666666,0.9268802083333335
RandomForest,instant_temporal,threshold_calibration,roc_auc,0.42650187500000003,0.33102711718749994,0.5200432942708333
RandomForest,instant_temporal,threshold_calibration,macro_f1,0.5023738700099998,0.4048591529833455,0.6088126937866013
RandomForest,instant_temporal,threshold_calibration,fpr,0.7264583333333334,0.6075,0.8370885416666666
RandomForest,instant_temporal,limited_label_1pct,roc_auc,0.9305611458333334,0.8876748697916667,0.9680555963541664
RandomForest,instant_temporal,limited_label_1pct,macro_f1,0.7188458530785877,0.6101898348174316,0.8210634511085744
RandomForest,instant_temporal,limited_label_1pct,fpr,0.3047916666666666,0.17207291666666677,0.45563020833333334
RandomForest,instant_temporal,limited_label_5pct,roc_auc,0.9882162500000001,0.9819489713541668,0.9940667526041668
RandomForest,instant_temporal,limited_label_5pct,macro_f1,0.8489447738227032,0.7444935457901062,0.941033745303444
RandomForest,instant_temporal,limited_label_5pct,fpr,0.27541666666666664,0.1010364583333334,0.47313020833333325
RandomForest,instant_temporal,limited_label_10pct,roc_auc,0.9904224999999999,0.9847791197916668,0.9955257864583332
RandomForest,instant_temporal,limited_label_10pct,macro_f1,0.8788172722552475,0.7818457583123491,0.9535483165721877
RandomForest,instant_temporal,limited_label_10pct,fpr,0.21416666666666664,0.05541145833333338,0.39729166666666665
RandomForest,instant_behavioral,zero_shot,roc_auc,0.4157458333333333,0.2920197708333333,0.5441871510416668
RandomForest,instant_behavioral,zero_shot,macro_f1,0.37044955790309003,0.2952932727542197,0.448516613619249
RandomForest,instant_behavioral,zero_shot,fpr,0.5158333333333334,0.26125000000000004,0.7631406249999998
RandomForest,instant_behavioral,unsupervised_alignment,roc_auc,0.6183230208333333,0.496406828125,0.7421558749999998
RandomForest,instant_behavioral,unsupervised_alignment,macro_f1,0.5040792902407637,0.43549305617364215,0.5868589682809026
RandomForest,instant_behavioral,unsupervised_alignment,fpr,0.7777083333333333,0.5968697916666666,0.92625
RandomForest,instant_behavioral,unsupervised_correction,roc_auc,0.5149519791666667,0.39378278385416665,0.6271370442708334
RandomForest,instant_behavioral,unsupervised_correction,macro_f1,0.3194444444444445,0.2708333333333333,0.3680555555555556
RandomForest,instant_behavioral,unsupervised_correction,fpr,0.5,0.25,0.75
RandomForest,instant_behavioral,threshold_calibration,roc_auc,0.4157458333333333,0.2920197708333333,0.5441871510416668
RandomForest,instant_behavioral,threshold_calibration,macro_f1,0.48728516537864236,0.373036016276356,0.5949035552000199
RandomForest,instant_behavioral,threshold_calibration,fpr,0.7529166666666666,0.58625,0.8983489583333331
RandomForest,instant_behavioral,limited_label_1pct,roc_auc,0.96974625,0.9480205833333334,0.9865418854166667
RandomForest,instant_behavioral,limited_label_1pct,macro_f1,0.8472049415495575,0.7881147449900767,0.9026954236828749
RandomForest,instant_behavioral,limited_label_1pct,fpr,0.3466666666666667,0.22853645833333336,0.4695885416666666
RandomForest,instant_behavioral,limited_label_5pct,roc_auc,0.9899502083333332,0.9837038046875002,0.9951977630208333
RandomForest,instant_behavioral,limited_label_5pct,macro_f1,0.8725488580358397,0.7878106625701076,0.9474576627100977
RandomForest,instant_behavioral,limited_label_5pct,fpr,0.2833333333333333,0.1410364583333334,0.4466770833333332
RandomForest,instant_behavioral,limited_label_10pct,roc_auc,0.9938059375,0.9905884140625001,0.9968974739583335
RandomForest,instant_behavioral,limited_label_10pct,macro_f1,0.8909098845056701,0.8128530603461507,0.958410626586529
RandomForest,instant_behavioral,limited_label_10pct,fpr,0.2445833333333333,0.10978645833333335,0.40146354166666665
RandomForest,full_multilevel,zero_shot,roc_auc,0.3180488541666666,0.2185747083333333,0.42075071875
RandomForest,full_multilevel,zero_shot,macro_f1,0.3378573134515133,0.2693067017052741,0.40363858870374275
RandomForest,full_multilevel,zero_shot,fpr,0.6266666666666667,0.3814583333333334,0.8535416666666666
RandomForest,full_multilevel,unsupervised_alignment,roc_auc,0.6065706249999999,0.5069479661458335,0.7174075260416666
RandomForest,full_multilevel,unsupervised_alignment,macro_f1,0.47513928911417325,0.41798726526910374,0.5616268338899649
RandomForest,full_multilevel,unsupervised_alignment,fpr,0.8535416666666666,0.68,0.9677083333333334
RandomForest,full_multilevel,unsupervised_correction,roc_auc,0.48881645833333337,0.36321192968750005,0.6033017760416667
RandomForest,full_multilevel,unsupervised_correction,macro_f1,0.3368360738690241,0.25819340679225744,0.400462962962963
RandomForest,full_multilevel,unsupervised_correction,fpr,0.7454166666666667,0.49541666666666667,0.9908333333333333
RandomForest,full_multilevel,threshold_calibration,roc_auc,0.3180488541666666,0.2185747083333333,0.42075071875
RandomForest,full_multilevel,threshold_calibration,macro_f1,0.4000803743751183,0.29846422230255065,0.5069070287360931
RandomForest,full_multilevel,threshold_calibration,fpr,0.8352083333333334,0.7033333333333333,0.9431250000000001
RandomForest,full_multilevel,limited_label_1pct,roc_auc,0.9364157291666668,0.8886776484375001,0.9774248984375001
RandomForest,full_multilevel,limited_label_1pct,macro_f1,0.7280454495528995,0.6395583677187962,0.8169765669349314
RandomForest,full_multilevel,limited_label_1pct,fpr,0.37979166666666675,0.2247916666666667,0.546671875
RandomForest,full_multilevel,limited_label_5pct,roc_auc,0.9923121875000002,0.9888102317708335,0.9959249010416668
RandomForest,full_multilevel,limited_label_5pct,macro_f1,0.8397052883290709,0.7232110846338353,0.9444118153972053
RandomForest,full_multilevel,limited_label_5pct,fpr,0.3229166666666666,0.14479166666666668,0.524375
RandomForest,full_multilevel,limited_label_10pct,roc_auc,0.9955474999999999,0.9928447890625,0.9979897552083333
RandomForest,full_multilevel,limited_label_10pct,macro_f1,0.8489228641738452,0.7287589184675004,0.9531157145569692
RandomForest,full_multilevel,limited_label_10pct,fpr,0.2991666666666667,0.11832812500000005,0.512921875
