comparison,metric,n_units,mean_a,mean_b,mean_paired_diff,median_paired_diff,std_paired_diff,cohens_dz,hedges_g,ttest_stat,ttest_pvalue,wilcoxon_stat,wilcoxon_pvalue,direction,model,adaptation_context,profile_context
full_multilevel vs baseline_common,roc_auc,12,0.7958203125000001,0.6083233333333332,0.18749697916666674,0.2321962500000001,0.3949103381869718,0.4747836686865756,0.44165922668518665,1.644698873538195,0.12827796752949208,20.0,0.1513671875,SUPERIOR,LogisticRegression,limited_label_5pct,
full_multilevel vs instant_only,roc_auc,12,0.7958203125000001,0.6886658333333333,0.10715447916666675,0.11027500000000007,0.2870421028481999,0.37330579069557124,0.347261200647043,1.293169192488805,0.22245093928946283,20.0,0.1513671875,SUPERIOR,LogisticRegression,limited_label_5pct,
full_multilevel vs instant_temporal,roc_auc,12,0.7958203125000001,0.6393653125,0.15645500000000004,0.12301000000000001,0.22910859327759045,0.6828857781446787,0.6352425843206313,2.3655857270255836,0.03744270069366722,10.0,0.02099609375,SUPERIOR,LogisticRegression,limited_label_5pct,
full_multilevel vs instant_behavioral,roc_auc,12,0.7958203125000001,0.7712871875,0.024533125000000048,0.0027212500000001194,0.15238159543905277,0.16099795339006295,0.14976553803726786,0.55771327037239,0.5882102355499291,13.0,0.30078125,SUPERIOR,LogisticRegression,limited_label_5pct,
unsupervised_alignment vs zero_shot,roc_auc,12,0.3893632291666667,0.3913998958333333,-0.0020366666666666727,0.0,0.15647019372196788,-0.013016323545209057,-0.01210820794903168,-0.045089867416114274,0.9648438224971355,27.0,1.0,INFERIOR,LogisticRegression,,full_multilevel
unsupervised_correction vs zero_shot,roc_auc,12,0.44535041666666664,0.3913998958333333,0.05395052083333334,-0.05081875000000006,0.44100882451148893,0.12233433399681971,0.11379938046215787,0.42377856398518465,0.6798954369902939,38.0,0.9697265625,SUPERIOR,LogisticRegression,,full_multilevel
limited_label_1pct vs zero_shot,roc_auc,12,0.6605138541666666,0.3913998958333333,0.26911395833333335,0.18045749999999997,0.34507615633011546,0.7798683084782212,0.7254588916076476,2.7015430669941543,0.020599866630002364,6.0,0.02734375,SUPERIOR,LogisticRegression,,full_multilevel
limited_label_5pct vs zero_shot,roc_auc,12,0.7958203125000001,0.3913998958333333,0.4044204166666667,0.33923625000000013,0.3947220430739168,1.0245701342575737,0.9530884969837895,3.549215056903568,0.004558342676617912,6.0,0.0068359375,SUPERIOR,LogisticRegression,,full_multilevel
limited_label_10pct vs zero_shot,roc_auc,12,0.8292028125,0.3913998958333333,0.43780291666666665,0.3878475000000001,0.38615227220093756,1.1337571942056377,1.0546578550750119,3.9274501276217983,0.002362399653486338,6.0,0.0068359375,SUPERIOR,LogisticRegression,,full_multilevel
full_multilevel vs baseline_common,macro_f1,12,0.6962276989885082,0.49201658367686935,0.20421111531163874,0.30844527299579694,0.33123895413261856,0.6165069438960928,0.5734948315312491,2.1356427000940963,0.05602784691195719,13.0,0.04248046875,SUPERIOR,LogisticRegression,limited_label_5pct,
full_multilevel vs instant_only,macro_f1,12,0.6962276989885082,0.6999841496730211,-0.0037564506845130102,0.038425379110096136,0.3182431571744157,-0.011803712349592665,-0.010980197534504804,-0.04088925901484542,0.9681169075367775,36.0,0.85009765625,INFERIOR,LogisticRegression,limited_label_5pct,
full_multilevel vs instant_temporal,macro_f1,12,0.6962276989885082,0.6195881631091046,0.07663953587940359,0.07233346981995697,0.2376620522295213,0.3224727513729841,0.2999746524399852,1.11707837886907,0.28776620818652343,26.0,0.33935546875,SUPERIOR,LogisticRegression,limited_label_5pct,
full_multilevel vs instant_behavioral,macro_f1,12,0.6962276989885082,0.6746574184258202,0.021570280562687918,0.0008397975644366396,0.15812133021689015,0.1364160074614894,0.12689861159208315,0.4725589117779895,0.6457649449484906,18.0,0.65234375,SUPERIOR,LogisticRegression,limited_label_5pct,
unsupervised_alignment vs zero_shot,macro_f1,12,0.437323227199379,0.41353653384633654,0.023786693353042492,0.030827792539831644,0.24062325860854153,0.09885450596336544,0.09195767996592134,0.34244205377133896,0.7384721061565283,33.0,0.67724609375,SUPERIOR,LogisticRegression,,full_multilevel
unsupervised_correction vs zero_shot,macro_f1,12,0.455829057469455,0.41353653384633654,0.042292523623118444,-0.006230644358014542,0.3554290298476894,0.11899006572772598,0.11068843323509393,0.41219367887276315,0.6881161762541051,38.0,0.9697265625,SUPERIOR,LogisticRegression,,full_multilevel
limited_label_1pct vs zero_shot,macro_f1,12,0.6600093353673553,0.41353653384633654,0.2464728015210188,0.17835352939086613,0.377585283737962,0.6527606136579912,0.6072191754958057,2.2612290960709593,0.04499492971202911,10.0,0.0419921875,SUPERIOR,LogisticRegression,,full_multilevel
limited_label_5pct vs zero_shot,macro_f1,12,0.6962276989885082,0.41353653384633654,0.2826911651421716,0.19120673772511723,0.3779173616510156,0.7480237581760538,0.6958360541172594,2.5912303088590813,0.02508314320654476,12.0,0.0341796875,SUPERIOR,LogisticRegression,,full_multilevel
limited_label_10pct vs zero_shot,macro_f1,12,0.727815363445357,0.41353653384633654,0.3142788295990204,0.19073091561615466,0.3512119643331541,0.8948408981332439,0.8324101377983664,3.0998198005146893,0.01010738825525154,6.0,0.0068359375,SUPERIOR,LogisticRegression,,full_multilevel
full_multilevel vs baseline_common,fpr,12,0.32583333333333336,0.41250000000000003,-0.08666666666666671,0.04125,0.5863168292334991,-0.14781541710130913,-0.13750271358261315,-0.5120476251229058,0.6187411863687554,36.0,0.85009765625,INFERIOR,LogisticRegression,limited_label_5pct,
full_multilevel vs instant_only,fpr,12,0.32583333333333336,0.3441666666666667,-0.01833333333333334,-0.125,0.4967374619057899,-0.0369074908564283,-0.03433254963388679,-0.1278512986864352,0.9005740550883624,33.0,0.67724609375,INFERIOR,LogisticRegression,limited_label_5pct,
full_multilevel vs instant_temporal,fpr,12,0.32583333333333336,0.3402083333333334,-0.014374999999999999,-0.065,0.44245585938034543,-0.032489116586978936,-0.03022243403439901,-0.11254560124335256,0.9124184138836121,33.0,0.6630859375,INFERIOR,LogisticRegression,limited_label_5pct,
full_multilevel vs instant_behavioral,fpr,12,0.32583333333333336,0.3520833333333333,-0.026249999999999985,0.0,0.2555019569396681,-0.10273893912365775,-0.09557110616154209,-0.3558981249558023,0.7286483845271579,20.0,0.796875,INFERIOR,LogisticRegression,limited_label_5pct,
unsupervised_alignment vs zero_shot,fpr,12,0.6575000000000001,0.6027083333333333,0.054791666666666655,0.02999999999999997,0.29787020192857444,0.1839447729645848,0.17111141671124167,0.6372033851227659,0.5370287351541168,37.0,0.90966796875,SUPERIOR,LogisticRegression,,full_multilevel
unsupervised_correction vs zero_shot,fpr,12,0.90625,0.6027083333333333,0.30354166666666665,0.036250000000000004,0.5768443329614125,0.5262107111434028,0.4894983359473514,1.8228473743746476,0.09559459201429717,18.0,0.10986328125,SUPERIOR,LogisticRegression,,full_multilevel
limited_label_1pct vs zero_shot,fpr,12,0.4333333333333333,0.6027083333333333,-0.16937500000000003,-0.305,0.6291770644334478,-0.2692008491322174,-0.2504193945415976,-0.9325390962753696,0.3710747637396112,23.0,0.4130859375,INFERIOR,LogisticRegression,,full_multilevel
limited_label_5pct vs zero_shot,fpr,12,0.32583333333333336,0.6027083333333333,-0.27687500000000004,-0.48499999999999993,0.7099144674792616,-0.390011772802881,-0.36280164911895907,-1.3510404120891992,0.20381677111564836,27.0,0.38037109375,INFERIOR,LogisticRegression,,full_multilevel
limited_label_10pct vs zero_shot,fpr,12,0.3233333333333334,0.6027083333333333,-0.279375,-0.47875,0.7182191715688819,-0.3889829331480134,-0.3618445889748962,-1.3474764069790546,0.20492581419033917,26.0,0.33935546875,INFERIOR,LogisticRegression,,full_multilevel
full_multilevel vs baseline_common,roc_auc,12,0.9923121875,0.9263550000000002,0.0659571875,0.02106874999999997,0.09376257321918613,0.7034489907376341,0.6543711541745434,2.436818784981262,0.033008348795988476,1.0,0.0009765625,SUPERIOR,RandomForest,limited_label_5pct,
full_multilevel vs instant_only,roc_auc,12,0.9923121875,0.9387034375000001,0.053608750000000004,0.0033500000000000196,0.09447808401771857,0.5674199530755316,0.5278325144888666,1.965600375910338,0.07509357873601934,12.0,0.0341796875,SUPERIOR,RandomForest,limited_label_5pct,
full_multilevel vs instant_temporal,roc_auc,12,0.9923121875,0.9882162500000001,0.004095937499999989,8.250000000004087e-05,0.010432337211507386,0.3926193543170716,0.36522730634146194,1.3600733394241102,0.20102821442269844,33.0,0.67724609375,SUPERIOR,RandomForest,limited_label_5pct,
full_multilevel vs instant_behavioral,roc_auc,12,0.9923121875,0.9899502083333332,0.002361979166666676,-1.5624999999963585e-05,0.006426455827686704,0.3675399364748928,0.3418976153254817,1.2731956875703039,0.22919723468037922,32.0,0.6220703125,SUPERIOR,RandomForest,limited_label_5pct,
unsupervised_alignment vs zero_shot,roc_auc,12,0.606570625,0.3180488541666667,0.28852177083333336,0.269449375,0.25855282534609514,1.115910338427446,1.0380561287697172,3.8656268056954337,0.002627676674061071,0.0,0.00048828125,SUPERIOR,RandomForest,,full_multilevel
unsupervised_correction vs zero_shot,roc_auc,12,0.4888164583333334,0.3180488541666667,0.1707676041666667,0.15152749999999998,0.3096687097264639,0.5514525646375732,0.5129791298954169,1.9102877198328743,0.08250042239318002,18.0,0.10986328125,SUPERIOR,RandomForest,,full_multilevel
limited_label_1pct vs zero_shot,roc_auc,12,0.9364157291666665,0.3180488541666667,0.6183668750000001,0.676321875,0.2260141468988999,2.7359653521007536,2.5450840484658173,9.477661995173156,1.2602836551948702e-06,0.0,0.00048828125,SUPERIOR,RandomForest,,full_multilevel
limited_label_5pct vs zero_shot,roc_auc,12,0.9923121875,0.3180488541666667,0.6742633333333333,0.69499875,0.18637896516141558,3.6177008105468342,3.3653030795784504,12.532083220900455,7.438351617080755e-08,0.0,0.00048828125,SUPERIOR,RandomForest,,full_multilevel
limited_label_10pct vs zero_shot,roc_auc,12,0.9955475000000001,0.3180488541666667,0.6774986458333334,0.7011406250000001,0.18736411628320074,3.6159466352099923,3.3636712885674345,12.526006579282864,7.475728674643465e-08,0.0,0.00048828125,SUPERIOR,RandomForest,,full_multilevel
full_multilevel vs baseline_common,macro_f1,12,0.8397052883290708,0.8751505457331809,-0.035445257404109955,0.02577427071703925,0.23290848706712972,-0.15218534047620944,-0.1415677585825204,-0.5271854837439263,0.6085328021819569,39.0,1.0,INFERIOR,RandomForest,limited_label_5pct,
full_multilevel vs instant_only,macro_f1,12,0.8397052883290708,0.9000210322880515,-0.060315743958980705,0.021308766864553574,0.23077014027773182,-0.26136719372094985,-0.24313227322879055,-0.9054025179127646,0.3846545320354223,39.0,1.0,INFERIOR,RandomForest,limited_label_5pct,
full_multilevel vs instant_temporal,macro_f1,12,0.8397052883290708,0.8489447738227033,-0.00923948549363234,0.005611671025265996,0.030572566987673033,-0.3022149071537805,-0.2811301461895633,-1.0469031479901176,0.3176034991385899,34.0,0.7333984375,INFERIOR,RandomForest,limited_label_5pct,
full_multilevel vs instant_behavioral,macro_f1,12,0.8397052883290708,0.8725488580358394,-0.03284356970676857,-0.004700120045554701,0.05639641605599207,-0.5823698029704668,-0.5417393516004342,-2.01738817507745,0.06872372955765475,3.0,0.0048828125,INFERIOR,RandomForest,limited_label_5pct,
unsupervised_alignment vs zero_shot,macro_f1,12,0.4751392891141734,0.33785731345151326,0.13728197566266,0.039879839665213496,0.21575985011389986,0.6362721126761476,0.5918810350475792,2.2041112531885543,0.04972768866304947,5.0,0.0390625,SUPERIOR,RandomForest,,full_multilevel
unsupervised_correction vs zero_shot,macro_f1,12,0.336836073869024,0.33785731345151326,-0.0010212395824892168,0.0,0.13893158527355884,-0.00735066529672412,-0.006837828182999182,-0.025463451526719066,0.9801413705429918,22.0,1.0,INFERIOR,RandomForest,,full_multilevel
limited_label_1pct vs zero_shot,macro_f1,12,0.7280454495528995,0.33785731345151326,0.39018813610138614,0.3159906998550012,0.25008335885031613,1.560232307719954,1.451378890902283,5.4048032571628,0.0002150839084918135,0.0,0.00048828125,SUPERIOR,RandomForest,,full_multilevel
limited_label_5pct vs zero_shot,macro_f1,12,0.8397052883290708,0.33785731345151326,0.5018479748775576,0.5224320647543572,0.22360453453016135,2.2443550884692134,2.0877721753201985,7.774674086908842,8.562072819024653e-06,0.0,0.00048828125,SUPERIOR,RandomForest,,full_multilevel
limited_label_10pct vs zero_shot,macro_f1,12,0.848922864173845,0.33785731345151326,0.5110655507223317,0.5459845875081912,0.22187154909397977,2.303429857542735,2.1427254488769627,7.979315089870315,6.6949558832023354e-06,0.0,0.00048828125,SUPERIOR,RandomForest,,full_multilevel
full_multilevel vs baseline_common,fpr,12,0.3229166666666667,0.2777083333333333,0.04520833333333332,-0.0675,0.4387630577354175,0.10303586989904426,0.09584732083632024,0.3569267233344028,0.7278995090410347,39.0,1.0,SUPERIOR,RandomForest,limited_label_5pct,
full_multilevel vs instant_only,fpr,12,0.3229166666666667,0.21020833333333333,0.11270833333333334,-0.05374999999999999,0.4014355749473797,0.28076319182251647,0.2611750621604804,0.9725922262636105,0.35165785241789466,39.0,1.0,SUPERIOR,RandomForest,limited_label_5pct,
full_multilevel vs instant_temporal,fpr,12,0.3229166666666667,0.2754166666666667,0.047499999999999994,0.048750000000000016,0.07113527446160077,0.667741853243861,0.6211552123198707,2.3131256323171363,0.04107206259293862,16.0,0.0771484375,SUPERIOR,RandomForest,limited_label_5pct,
full_multilevel vs instant_behavioral,fpr,12,0.3229166666666667,0.2833333333333333,0.03958333333333333,0.0037499999999999964,0.06847223502776122,0.5780931981741908,0.5377611145806426,2.0025735814953647,0.07049239940300708,16.5,0.1533203125,SUPERIOR,RandomForest,limited_label_5pct,
unsupervised_alignment vs zero_shot,fpr,12,0.8535416666666666,0.6266666666666667,0.22687500000000002,0.02625000000000001,0.3309303775308747,0.6855671627752982,0.6377368956049285,2.374874315855318,0.036833272924951095,3.0,0.0390625,SUPERIOR,RandomForest,,full_multilevel
unsupervised_correction vs zero_shot,fpr,12,0.7454166666666667,0.6266666666666667,0.11874999999999998,0.0,0.46927470632881974,0.2530500757839527,0.2353954193339095,0.8765911762339218,0.39944775154714873,10.0,0.3125,SUPERIOR,RandomForest,,full_multilevel
limited_label_1pct vs zero_shot,fpr,12,0.3797916666666667,0.6266666666666667,-0.24687500000000004,-0.29375,0.5159337574199371,-0.4785013510931396,-0.445117535900595,-1.6575773031673426,0.12561727840366899,19.0,0.12939453125,INFERIOR,RandomForest,,full_multilevel
limited_label_5pct vs zero_shot,fpr,12,0.3229166666666667,0.6266666666666667,-0.30375,-0.23625000000000002,0.539853199742974,-0.562652958516531,-0.5233981009456102,-1.949087022359151,0.07723759598778719,16.0,0.0771484375,INFERIOR,RandomForest,,full_multilevel
limited_label_10pct vs zero_shot,fpr,12,0.29916666666666664,0.6266666666666667,-0.32749999999999996,-0.14625,0.5463036950934227,-0.5994834062837422,-0.5576589825895276,-2.0766714359557947,0.06205394628695524,16.0,0.0771484375,INFERIOR,RandomForest,,full_multilevel
