experiment_id,source_domain,target_domain,feature_profile,model_name,adaptation_method,target_label_budget_n,n_src_train,n_tgt_test,roc_auc,pr_auc,accuracy,precision,recall,macro_f1,attack_f1,benign_f1,fpr,fnr,fp_per_1000,tn,fp,fn,tp,threshold
ToN-IoT_to_Edge-IIoTset_full_multilevel_LogisticRegression_zero_shot,ToN-IoT,Edge-IIoTset,full_multilevel,LogisticRegression,zero_shot,0,4200,1400,0.7474999999999999,0.898947602514951,0.7142857142857143,0.9054054054054054,0.67,0.6963782259813489,0.7701149425287356,0.6226415094339622,0.175,0.33,175.0,330,70,330,670,0.5
ToN-IoT_to_Edge-IIoTset_full_multilevel_LogisticRegression_unsupervised_alignment,ToN-IoT,Edge-IIoTset,full_multilevel,LogisticRegression,unsupervised_alignment,0,4200,1400,0.5329999999999999,0.8580367686475786,0.7142857142857143,0.7286585365853658,0.956,0.5036587441148108,0.8269896193771626,0.18032786885245902,0.89,0.044,890.0,44,356,44,956,0.5
ToN-IoT_to_Edge-IIoTset_full_multilevel_LogisticRegression_limited_label_5pct,ToN-IoT,Edge-IIoTset,full_multilevel,LogisticRegression,limited_label_5pct,210,4200,1400,0.74675,0.8986288293659273,0.7142857142857143,0.9043126684636119,0.671,0.6961535206040468,0.7703788748564868,0.6219281663516069,0.1775,0.329,177.5,329,71,329,671,0.5
ToN-IoT_to_Edge-IIoTset_full_multilevel_RandomForest_zero_shot,ToN-IoT,Edge-IIoTset,full_multilevel,RandomForest,zero_shot,0,4200,1400,0.26615875,0.5762555304439233,0.7142857142857143,0.7142857142857143,1.0,0.4166666666666667,0.8333333333333334,0.0,1.0,0.0,1000.0,0,400,0,1000,0.13
ToN-IoT_to_Edge-IIoTset_full_multilevel_RandomForest_unsupervised_alignment,ToN-IoT,Edge-IIoTset,full_multilevel,RandomForest,unsupervised_alignment,0,4200,1400,0.46300625,0.7238191448784905,0.7142857142857143,0.7142857142857143,1.0,0.4166666666666667,0.8333333333333334,0.0,1.0,0.0,1000.0,0,400,0,1000,0.13
ToN-IoT_to_Edge-IIoTset_full_multilevel_RandomForest_limited_label_5pct,ToN-IoT,Edge-IIoTset,full_multilevel,RandomForest,limited_label_5pct,210,4200,1400,0.9999,0.999960161845195,0.9592857142857143,0.9460737937559129,1.0,0.947786863096239,0.9722897423432183,0.9232839838492598,0.1425,0.0,142.5,343,57,0,1000,0.08
ToN-IoT_to_Edge-IIoTset_full_multilevel_no_proto_LogisticRegression_zero_shot,ToN-IoT,Edge-IIoTset,full_multilevel_no_proto,LogisticRegression,zero_shot,0,4200,1400,0.7474999999999999,0.898947602514951,0.7142857142857143,0.9054054054054054,0.67,0.6963782259813489,0.7701149425287356,0.6226415094339622,0.175,0.33,175.0,330,70,330,670,0.5
ToN-IoT_to_Edge-IIoTset_full_multilevel_no_proto_LogisticRegression_unsupervised_alignment,ToN-IoT,Edge-IIoTset,full_multilevel_no_proto,LogisticRegression,unsupervised_alignment,0,4200,1400,0.5329999999999999,0.8580367686475786,0.7142857142857143,0.7286585365853658,0.956,0.5036587441148108,0.8269896193771626,0.18032786885245902,0.89,0.044,890.0,44,356,44,956,0.5
ToN-IoT_to_Edge-IIoTset_full_multilevel_no_proto_LogisticRegression_limited_label_5pct,ToN-IoT,Edge-IIoTset,full_multilevel_no_proto,LogisticRegression,limited_label_5pct,210,4200,1400,0.74675,0.8986288293659273,0.7142857142857143,0.9043126684636119,0.671,0.6961535206040468,0.7703788748564868,0.6219281663516069,0.1775,0.329,177.5,329,71,329,671,0.5
ToN-IoT_to_Edge-IIoTset_full_multilevel_no_proto_RandomForest_zero_shot,ToN-IoT,Edge-IIoTset,full_multilevel_no_proto,RandomForest,zero_shot,0,4200,1400,0.44857,0.63965377432041,0.2864285714285714,0.6,0.003,0.2247120941254729,0.005970149253731343,0.4434540389972145,0.005,0.997,5.0,398,2,997,3,0.18000000000000002
ToN-IoT_to_Edge-IIoTset_full_multilevel_no_proto_RandomForest_unsupervised_alignment,ToN-IoT,Edge-IIoTset,full_multilevel_no_proto,RandomForest,unsupervised_alignment,0,4200,1400,0.497615,0.7116187311754648,0.7142857142857143,0.7142857142857143,1.0,0.4166666666666667,0.8333333333333334,0.0,1.0,0.0,1000.0,0,400,0,1000,0.18000000000000002
ToN-IoT_to_Edge-IIoTset_full_multilevel_no_proto_RandomForest_limited_label_5pct,ToN-IoT,Edge-IIoTset,full_multilevel_no_proto,RandomForest,limited_label_5pct,210,4200,1400,0.99902,0.9996825385751914,0.99,0.9900596421471173,0.996,0.9876943476874163,0.9930209371884346,0.982367758186398,0.025,0.004,25.0,390,10,4,996,0.09999999999999999
ToN-IoT_to_Edge-IIoTset_full_multilevel_no_rates_LogisticRegression_zero_shot,ToN-IoT,Edge-IIoTset,full_multilevel_no_rates,LogisticRegression,zero_shot,0,4200,1400,0.7474999999999999,0.898947602514951,0.7142857142857143,0.9054054054054054,0.67,0.6963782259813489,0.7701149425287356,0.6226415094339622,0.175,0.33,175.0,330,70,330,670,0.5
ToN-IoT_to_Edge-IIoTset_full_multilevel_no_rates_LogisticRegression_unsupervised_alignment,ToN-IoT,Edge-IIoTset,full_multilevel_no_rates,LogisticRegression,unsupervised_alignment,0,4200,1400,0.5329999999999999,0.8580367686475786,0.7142857142857143,0.7286585365853658,0.956,0.5036587441148108,0.8269896193771626,0.18032786885245902,0.89,0.044,890.0,44,356,44,956,0.5
ToN-IoT_to_Edge-IIoTset_full_multilevel_no_rates_LogisticRegression_limited_label_5pct,ToN-IoT,Edge-IIoTset,full_multilevel_no_rates,LogisticRegression,limited_label_5pct,210,4200,1400,0.74675,0.8986288293659273,0.7142857142857143,0.9043126684636119,0.671,0.6961535206040468,0.7703788748564868,0.6219281663516069,0.1775,0.329,177.5,329,71,329,671,0.5
ToN-IoT_to_Edge-IIoTset_full_multilevel_no_rates_RandomForest_zero_shot,ToN-IoT,Edge-IIoTset,full_multilevel_no_rates,RandomForest,zero_shot,0,4200,1400,0.26441,0.5677623034481335,0.3292857142857143,0.5469953775038521,0.355,0.3073758205352058,0.43056397816858705,0.1841876629018245,0.735,0.645,735.0,106,294,645,355,0.15000000000000002
ToN-IoT_to_Edge-IIoTset_full_multilevel_no_rates_RandomForest_unsupervised_alignment,ToN-IoT,Edge-IIoTset,full_multilevel_no_rates,RandomForest,unsupervised_alignment,0,4200,1400,0.47026749999999995,0.729453378723137,0.7142857142857143,0.7142857142857143,1.0,0.4166666666666667,0.8333333333333334,0.0,1.0,0.0,1000.0,0,400,0,1000,0.15000000000000002
ToN-IoT_to_Edge-IIoTset_full_multilevel_no_rates_RandomForest_limited_label_5pct,ToN-IoT,Edge-IIoTset,full_multilevel_no_rates,RandomForest,limited_label_5pct,210,4200,1400,0.99994875,0.9999795228949684,0.9514285714285714,0.9363295880149812,1.0,0.937110906765598,0.9671179883945842,0.907103825136612,0.17,0.0,170.0,332,68,0,1000,0.060000000000000005
ToN-IoT_to_Edge-IIoTset_semantic_features_only_LogisticRegression_zero_shot,ToN-IoT,Edge-IIoTset,semantic_features_only,LogisticRegression,zero_shot,0,4200,1400,0.7474999999999999,0.898947602514951,0.7142857142857143,0.9054054054054054,0.67,0.6963782259813489,0.7701149425287356,0.6226415094339622,0.175,0.33,175.0,330,70,330,670,0.5
ToN-IoT_to_Edge-IIoTset_semantic_features_only_LogisticRegression_unsupervised_alignment,ToN-IoT,Edge-IIoTset,semantic_features_only,LogisticRegression,unsupervised_alignment,0,4200,1400,0.5329999999999999,0.8580367686475786,0.7142857142857143,0.7286585365853658,0.956,0.5036587441148108,0.8269896193771626,0.18032786885245902,0.89,0.044,890.0,44,356,44,956,0.5
ToN-IoT_to_Edge-IIoTset_semantic_features_only_LogisticRegression_limited_label_5pct,ToN-IoT,Edge-IIoTset,semantic_features_only,LogisticRegression,limited_label_5pct,210,4200,1400,0.74675,0.8986288293659273,0.7142857142857143,0.9043126684636119,0.671,0.6961535206040468,0.7703788748564868,0.6219281663516069,0.1775,0.329,177.5,329,71,329,671,0.5
ToN-IoT_to_Edge-IIoTset_semantic_features_only_RandomForest_zero_shot,ToN-IoT,Edge-IIoTset,semantic_features_only,RandomForest,zero_shot,0,4200,1400,0.3334375,0.6027178050049765,0.39071428571428574,0.6427184466019418,0.331,0.38657523339882627,0.43696369636963694,0.3361867704280156,0.46,0.669,460.0,216,184,669,331,0.15000000000000002
ToN-IoT_to_Edge-IIoTset_semantic_features_only_RandomForest_unsupervised_alignment,ToN-IoT,Edge-IIoTset,semantic_features_only,RandomForest,unsupervised_alignment,0,4200,1400,0.55891125,0.7604286819685557,0.7142857142857143,0.7142857142857143,1.0,0.4166666666666667,0.8333333333333334,0.0,1.0,0.0,1000.0,0,400,0,1000,0.15000000000000002
ToN-IoT_to_Edge-IIoTset_semantic_features_only_RandomForest_limited_label_5pct,ToN-IoT,Edge-IIoTset,semantic_features_only,RandomForest,limited_label_5pct,210,4200,1400,0.99904875,0.9996870998819604,0.9657142857142857,0.9559386973180076,0.998,0.9565122852794086,0.9765166340508806,0.9365079365079365,0.115,0.002,115.0,354,46,2,998,0.060000000000000005
ToN-IoT_to_NF-ToN-IoT-v2_full_multilevel_LogisticRegression_zero_shot,ToN-IoT,NF-ToN-IoT-v2,full_multilevel,LogisticRegression,zero_shot,0,4200,1400,0.5530662500000001,0.7114892208055299,0.2857142857142857,0.0,0.0,0.2222222222222222,0.0,0.4444444444444444,0.0,1.0,0.0,400,0,1000,0,0.5
ToN-IoT_to_NF-ToN-IoT-v2_full_multilevel_LogisticRegression_unsupervised_alignment,ToN-IoT,NF-ToN-IoT-v2,full_multilevel,LogisticRegression,unsupervised_alignment,0,4200,1400,0.5530662500000001,0.7114892208055299,0.3871428571428571,0.7305194805194806,0.225,0.38448483655951005,0.3440366972477064,0.4249329758713137,0.2075,0.775,207.5,317,83,775,225,0.5
ToN-IoT_to_NF-ToN-IoT-v2_full_multilevel_LogisticRegression_limited_label_5pct,ToN-IoT,NF-ToN-IoT-v2,full_multilevel,LogisticRegression,limited_label_5pct,210,4200,1400,0.44693374999999996,0.7591308932083554,0.73,0.7263464337700145,0.998,0.4767255597612634,0.8407750631844987,0.11267605633802817,0.94,0.002,940.0,24,376,2,998,0.52
ToN-IoT_to_NF-ToN-IoT-v2_full_multilevel_RandomForest_zero_shot,ToN-IoT,NF-ToN-IoT-v2,full_multilevel,RandomForest,zero_shot,0,4200,1400,0.3186175,0.6187241278156913,0.7142857142857143,0.7142857142857143,1.0,0.4166666666666667,0.8333333333333334,0.0,1.0,0.0,1000.0,0,400,0,1000,0.13
ToN-IoT_to_NF-ToN-IoT-v2_full_multilevel_RandomForest_unsupervised_alignment,ToN-IoT,NF-ToN-IoT-v2,full_multilevel,RandomForest,unsupervised_alignment,0,4200,1400,0.73671875,0.890335078226216,0.7142857142857143,0.7142857142857143,1.0,0.4166666666666667,0.8333333333333334,0.0,1.0,0.0,1000.0,0,400,0,1000,0.13
ToN-IoT_to_NF-ToN-IoT-v2_full_multilevel_RandomForest_limited_label_5pct,ToN-IoT,NF-ToN-IoT-v2,full_multilevel,RandomForest,limited_label_5pct,210,4200,1400,0.9860999999999999,0.9924892198323844,0.9757142857142858,0.9753937007874016,0.991,0.9698837868480725,0.9831349206349206,0.9566326530612245,0.0625,0.009,62.5,375,25,9,991,0.55
ToN-IoT_to_NF-ToN-IoT-v2_full_multilevel_no_proto_LogisticRegression_zero_shot,ToN-IoT,NF-ToN-IoT-v2,full_multilevel_no_proto,LogisticRegression,zero_shot,0,4200,1400,0.5530662500000001,0.7114892208055299,0.2857142857142857,0.0,0.0,0.2222222222222222,0.0,0.4444444444444444,0.0,1.0,0.0,400,0,1000,0,0.5
ToN-IoT_to_NF-ToN-IoT-v2_full_multilevel_no_proto_LogisticRegression_unsupervised_alignment,ToN-IoT,NF-ToN-IoT-v2,full_multilevel_no_proto,LogisticRegression,unsupervised_alignment,0,4200,1400,0.5530662500000001,0.7114892208055299,0.3871428571428571,0.7305194805194806,0.225,0.38448483655951005,0.3440366972477064,0.4249329758713137,0.2075,0.775,207.5,317,83,775,225,0.5
ToN-IoT_to_NF-ToN-IoT-v2_full_multilevel_no_proto_LogisticRegression_limited_label_5pct,ToN-IoT,NF-ToN-IoT-v2,full_multilevel_no_proto,LogisticRegression,limited_label_5pct,210,4200,1400,0.44693374999999996,0.7591308932083554,0.73,0.7263464337700145,0.998,0.4767255597612634,0.8407750631844987,0.11267605633802817,0.94,0.002,940.0,24,376,2,998,0.52
ToN-IoT_to_NF-ToN-IoT-v2_full_multilevel_no_proto_RandomForest_zero_shot,ToN-IoT,NF-ToN-IoT-v2,full_multilevel_no_proto,RandomForest,zero_shot,0,4200,1400,0.38413375,0.655647943477501,0.7121428571428572,0.714902807775378,0.993,0.42538744590728594,0.8313101716199247,0.019464720194647202,0.99,0.007,990.0,4,396,7,993,0.18000000000000002
ToN-IoT_to_NF-ToN-IoT-v2_full_multilevel_no_proto_RandomForest_unsupervised_alignment,ToN-IoT,NF-ToN-IoT-v2,full_multilevel_no_proto,RandomForest,unsupervised_alignment,0,4200,1400,0.73730625,0.8942235301343806,0.7142857142857143,0.7142857142857143,1.0,0.4166666666666667,0.8333333333333334,0.0,1.0,0.0,1000.0,0,400,0,1000,0.18000000000000002
ToN-IoT_to_NF-ToN-IoT-v2_full_multilevel_no_proto_RandomForest_limited_label_5pct,ToN-IoT,NF-ToN-IoT-v2,full_multilevel_no_proto,RandomForest,limited_label_5pct,210,4200,1400,0.9884474999999999,0.9936888821338198,0.9771428571428571,0.9773175542406312,0.991,0.9716993766282334,0.9841112214498511,0.9592875318066157,0.0575,0.009,57.5,377,23,9,991,0.56
ToN-IoT_to_NF-ToN-IoT-v2_full_multilevel_no_rates_LogisticRegression_zero_shot,ToN-IoT,NF-ToN-IoT-v2,full_multilevel_no_rates,LogisticRegression,zero_shot,0,4200,1400,0.5530662500000001,0.7114892208055299,0.2857142857142857,0.0,0.0,0.2222222222222222,0.0,0.4444444444444444,0.0,1.0,0.0,400,0,1000,0,0.5
ToN-IoT_to_NF-ToN-IoT-v2_full_multilevel_no_rates_LogisticRegression_unsupervised_alignment,ToN-IoT,NF-ToN-IoT-v2,full_multilevel_no_rates,LogisticRegression,unsupervised_alignment,0,4200,1400,0.5530662500000001,0.7114892208055299,0.3871428571428571,0.7305194805194806,0.225,0.38448483655951005,0.3440366972477064,0.4249329758713137,0.2075,0.775,207.5,317,83,775,225,0.5
ToN-IoT_to_NF-ToN-IoT-v2_full_multilevel_no_rates_LogisticRegression_limited_label_5pct,ToN-IoT,NF-ToN-IoT-v2,full_multilevel_no_rates,LogisticRegression,limited_label_5pct,210,4200,1400,0.44693374999999996,0.7591308932083554,0.73,0.7263464337700145,0.998,0.4767255597612634,0.8407750631844987,0.11267605633802817,0.94,0.002,940.0,24,376,2,998,0.52
ToN-IoT_to_NF-ToN-IoT-v2_full_multilevel_no_rates_RandomForest_zero_shot,ToN-IoT,NF-ToN-IoT-v2,full_multilevel_no_rates,RandomForest,zero_shot,0,4200,1400,0.37082875,0.6481874643936832,0.7142857142857143,0.7142857142857143,1.0,0.4166666666666667,0.8333333333333334,0.0,1.0,0.0,1000.0,0,400,0,1000,0.15000000000000002
ToN-IoT_to_NF-ToN-IoT-v2_full_multilevel_no_rates_RandomForest_unsupervised_alignment,ToN-IoT,NF-ToN-IoT-v2,full_multilevel_no_rates,RandomForest,unsupervised_alignment,0,4200,1400,0.7203675,0.8836112054106054,0.7142857142857143,0.7142857142857143,1.0,0.4166666666666667,0.8333333333333334,0.0,1.0,0.0,1000.0,0,400,0,1000,0.15000000000000002
ToN-IoT_to_NF-ToN-IoT-v2_full_multilevel_no_rates_RandomForest_limited_label_5pct,ToN-IoT,NF-ToN-IoT-v2,full_multilevel_no_rates,RandomForest,limited_label_5pct,210,4200,1400,0.98464125,0.991832242875805,0.9778571428571429,0.9782823297137216,0.991,0.9726050052044177,0.9846000993541977,0.9606099110546379,0.055,0.009,55.0,378,22,9,991,0.5700000000000001
ToN-IoT_to_NF-ToN-IoT-v2_semantic_features_only_LogisticRegression_zero_shot,ToN-IoT,NF-ToN-IoT-v2,semantic_features_only,LogisticRegression,zero_shot,0,4200,1400,0.5530662500000001,0.7114892208055299,0.2857142857142857,0.0,0.0,0.2222222222222222,0.0,0.4444444444444444,0.0,1.0,0.0,400,0,1000,0,0.5
ToN-IoT_to_NF-ToN-IoT-v2_semantic_features_only_LogisticRegression_unsupervised_alignment,ToN-IoT,NF-ToN-IoT-v2,semantic_features_only,LogisticRegression,unsupervised_alignment,0,4200,1400,0.5530662500000001,0.7114892208055299,0.3871428571428571,0.7305194805194806,0.225,0.38448483655951005,0.3440366972477064,0.4249329758713137,0.2075,0.775,207.5,317,83,775,225,0.5
ToN-IoT_to_NF-ToN-IoT-v2_semantic_features_only_LogisticRegression_limited_label_5pct,ToN-IoT,NF-ToN-IoT-v2,semantic_features_only,LogisticRegression,limited_label_5pct,210,4200,1400,0.44693374999999996,0.7591308932083554,0.73,0.7263464337700145,0.998,0.4767255597612634,0.8407750631844987,0.11267605633802817,0.94,0.002,940.0,24,376,2,998,0.52
ToN-IoT_to_NF-ToN-IoT-v2_semantic_features_only_RandomForest_zero_shot,ToN-IoT,NF-ToN-IoT-v2,semantic_features_only,RandomForest,zero_shot,0,4200,1400,0.3642475,0.629280769146641,0.7092857142857143,0.7128499641062455,0.993,0.41496030087755953,0.8299206017551191,0.0,1.0,0.007,1000.0,0,400,7,993,0.15000000000000002
ToN-IoT_to_NF-ToN-IoT-v2_semantic_features_only_RandomForest_unsupervised_alignment,ToN-IoT,NF-ToN-IoT-v2,semantic_features_only,RandomForest,unsupervised_alignment,0,4200,1400,0.7399100000000001,0.8947612017880695,0.7142857142857143,0.7142857142857143,1.0,0.4166666666666667,0.8333333333333334,0.0,1.0,0.0,1000.0,0,400,0,1000,0.15000000000000002
ToN-IoT_to_NF-ToN-IoT-v2_semantic_features_only_RandomForest_limited_label_5pct,ToN-IoT,NF-ToN-IoT-v2,semantic_features_only,RandomForest,limited_label_5pct,210,4200,1400,0.98262625,0.9900184256121628,0.9771428571428571,0.9773175542406312,0.991,0.9716993766282334,0.9841112214498511,0.9592875318066157,0.0575,0.009,57.5,377,23,9,991,0.55
ToN-IoT_to_CICIoT2023_full_multilevel_LogisticRegression_zero_shot,ToN-IoT,CICIoT2023,full_multilevel,LogisticRegression,zero_shot,0,4200,1400,0.011890000000000005,0.4617569786535303,0.2857142857142857,0.0,0.0,0.2222222222222222,0.0,0.4444444444444444,0.0,1.0,0.0,400,0,1000,0,0.5
ToN-IoT_to_CICIoT2023_full_multilevel_LogisticRegression_unsupervised_alignment,ToN-IoT,CICIoT2023,full_multilevel,LogisticRegression,unsupervised_alignment,0,4200,1400,0.011890000000000005,0.4617569786535303,0.2671428571428571,0.0,0.0,0.21082299887260428,0.0,0.42164599774520856,0.065,1.0,65.0,374,26,1000,0,0.5
ToN-IoT_to_CICIoT2023_full_multilevel_LogisticRegression_limited_label_5pct,ToN-IoT,CICIoT2023,full_multilevel,LogisticRegression,limited_label_5pct,210,4200,1400,0.9881099999999999,0.9957251590667249,0.715,0.7147962830593281,1.0,0.419334115731929,0.8336807002917882,0.004987531172069825,0.9975,0.0,997.5,1,399,0,1000,0.64
ToN-IoT_to_CICIoT2023_full_multilevel_RandomForest_zero_shot,ToN-IoT,CICIoT2023,full_multilevel,RandomForest,zero_shot,0,4200,1400,0.28665375000000004,0.5927369884985887,0.56,0.6621621621621622,0.784,0.358974358974359,0.717948717948718,0.0,1.0,0.216,1000.0,0,400,216,784,0.13
ToN-IoT_to_CICIoT2023_full_multilevel_RandomForest_unsupervised_alignment,ToN-IoT,CICIoT2023,full_multilevel,RandomForest,unsupervised_alignment,0,4200,1400,0.32096250000000004,0.5266168467050717,0.7142857142857143,0.7142857142857143,1.0,0.4166666666666667,0.8333333333333334,0.0,1.0,0.0,1000.0,0,400,0,1000,0.13
ToN-IoT_to_CICIoT2023_full_multilevel_RandomForest_limited_label_5pct,ToN-IoT,CICIoT2023,full_multilevel,RandomForest,limited_label_5pct,210,4200,1400,0.9912049999999999,0.99652346908945,0.7821428571428571,0.7662835249042146,1.0,0.6257586713118166,0.8676789587852495,0.3838383838383838,0.7625,0.0,762.5,95,305,0,1000,0.24000000000000002
ToN-IoT_to_CICIoT2023_full_multilevel_no_proto_LogisticRegression_zero_shot,ToN-IoT,CICIoT2023,full_multilevel_no_proto,LogisticRegression,zero_shot,0,4200,1400,0.011890000000000005,0.4617569786535303,0.2857142857142857,0.0,0.0,0.2222222222222222,0.0,0.4444444444444444,0.0,1.0,0.0,400,0,1000,0,0.5
ToN-IoT_to_CICIoT2023_full_multilevel_no_proto_LogisticRegression_unsupervised_alignment,ToN-IoT,CICIoT2023,full_multilevel_no_proto,LogisticRegression,unsupervised_alignment,0,4200,1400,0.011890000000000005,0.4617569786535303,0.2671428571428571,0.0,0.0,0.21082299887260428,0.0,0.42164599774520856,0.065,1.0,65.0,374,26,1000,0,0.5
ToN-IoT_to_CICIoT2023_full_multilevel_no_proto_LogisticRegression_limited_label_5pct,ToN-IoT,CICIoT2023,full_multilevel_no_proto,LogisticRegression,limited_label_5pct,210,4200,1400,0.9881099999999999,0.9957251590667249,0.715,0.7147962830593281,1.0,0.419334115731929,0.8336807002917882,0.004987531172069825,0.9975,0.0,997.5,1,399,0,1000,0.64
ToN-IoT_to_CICIoT2023_full_multilevel_no_proto_RandomForest_zero_shot,ToN-IoT,CICIoT2023,full_multilevel_no_proto,RandomForest,zero_shot,0,4200,1400,0.162045,0.5408807115641556,0.26785714285714285,0.48125937031484256,0.321,0.24022256448974988,0.385122975404919,0.09532215357458076,0.865,0.679,865.0,54,346,679,321,0.18000000000000002
ToN-IoT_to_CICIoT2023_full_multilevel_no_proto_RandomForest_unsupervised_alignment,ToN-IoT,CICIoT2023,full_multilevel_no_proto,RandomForest,unsupervised_alignment,0,4200,1400,0.62042875,0.8477230990656393,0.7142857142857143,0.7142857142857143,1.0,0.4166666666666667,0.8333333333333334,0.0,1.0,0.0,1000.0,0,400,0,1000,0.18000000000000002
ToN-IoT_to_CICIoT2023_full_multilevel_no_proto_RandomForest_limited_label_5pct,ToN-IoT,CICIoT2023,full_multilevel_no_proto,RandomForest,limited_label_5pct,210,4200,1400,0.98543125,0.9942120806192036,0.7185714285714285,0.7173601147776184,1.0,0.43248926914988617,0.835421888053467,0.029556650246305417,0.985,0.0,985.0,6,394,0,1000,0.23
ToN-IoT_to_CICIoT2023_full_multilevel_no_rates_LogisticRegression_zero_shot,ToN-IoT,CICIoT2023,full_multilevel_no_rates,LogisticRegression,zero_shot,0,4200,1400,0.011890000000000005,0.4617569786535303,0.2857142857142857,0.0,0.0,0.2222222222222222,0.0,0.4444444444444444,0.0,1.0,0.0,400,0,1000,0,0.5
ToN-IoT_to_CICIoT2023_full_multilevel_no_rates_LogisticRegression_unsupervised_alignment,ToN-IoT,CICIoT2023,full_multilevel_no_rates,LogisticRegression,unsupervised_alignment,0,4200,1400,0.011890000000000005,0.4617569786535303,0.2671428571428571,0.0,0.0,0.21082299887260428,0.0,0.42164599774520856,0.065,1.0,65.0,374,26,1000,0,0.5
ToN-IoT_to_CICIoT2023_full_multilevel_no_rates_LogisticRegression_limited_label_5pct,ToN-IoT,CICIoT2023,full_multilevel_no_rates,LogisticRegression,limited_label_5pct,210,4200,1400,0.9881099999999999,0.9957251590667249,0.715,0.7147962830593281,1.0,0.419334115731929,0.8336807002917882,0.004987531172069825,0.9975,0.0,997.5,1,399,0,1000,0.64
ToN-IoT_to_CICIoT2023_full_multilevel_no_rates_RandomForest_zero_shot,ToN-IoT,CICIoT2023,full_multilevel_no_rates,RandomForest,zero_shot,0,4200,1400,0.26416375,0.580317979336799,0.5214285714285715,0.6530612244897959,0.704,0.3747983758088296,0.6775745909528392,0.07202216066481995,0.935,0.296,935.0,26,374,296,704,0.15000000000000002
ToN-IoT_to_CICIoT2023_full_multilevel_no_rates_RandomForest_unsupervised_alignment,ToN-IoT,CICIoT2023,full_multilevel_no_rates,RandomForest,unsupervised_alignment,0,4200,1400,0.48177625,0.7797235867366332,0.7142857142857143,0.7142857142857143,1.0,0.4166666666666667,0.8333333333333334,0.0,1.0,0.0,1000.0,0,400,0,1000,0.15000000000000002
ToN-IoT_to_CICIoT2023_full_multilevel_no_rates_RandomForest_limited_label_5pct,ToN-IoT,CICIoT2023,full_multilevel_no_rates,RandomForest,limited_label_5pct,210,4200,1400,0.99602625,0.9985409108453824,0.7235714285714285,0.7209805335255948,1.0,0.45041290038556303,0.8378718056137411,0.06295399515738499,0.9675,0.0,967.5,13,387,0,1000,0.26
ToN-IoT_to_CICIoT2023_semantic_features_only_LogisticRegression_zero_shot,ToN-IoT,CICIoT2023,semantic_features_only,LogisticRegression,zero_shot,0,4200,1400,0.011890000000000005,0.4617569786535303,0.2857142857142857,0.0,0.0,0.2222222222222222,0.0,0.4444444444444444,0.0,1.0,0.0,400,0,1000,0,0.5
ToN-IoT_to_CICIoT2023_semantic_features_only_LogisticRegression_unsupervised_alignment,ToN-IoT,CICIoT2023,semantic_features_only,LogisticRegression,unsupervised_alignment,0,4200,1400,0.011890000000000005,0.4617569786535303,0.2671428571428571,0.0,0.0,0.21082299887260428,0.0,0.42164599774520856,0.065,1.0,65.0,374,26,1000,0,0.5
ToN-IoT_to_CICIoT2023_semantic_features_only_LogisticRegression_limited_label_5pct,ToN-IoT,CICIoT2023,semantic_features_only,LogisticRegression,limited_label_5pct,210,4200,1400,0.9881099999999999,0.9957251590667249,0.715,0.7147962830593281,1.0,0.419334115731929,0.8336807002917882,0.004987531172069825,0.9975,0.0,997.5,1,399,0,1000,0.64
ToN-IoT_to_CICIoT2023_semantic_features_only_RandomForest_zero_shot,ToN-IoT,CICIoT2023,semantic_features_only,RandomForest,zero_shot,0,4200,1400,0.11524,0.5239164204842208,0.2907142857142857,0.5044136191677175,0.4,0.23004113425763104,0.44617958728388174,0.013902681231380337,0.9825,0.6,982.5,7,393,600,400,0.15000000000000002
ToN-IoT_to_CICIoT2023_semantic_features_only_RandomForest_unsupervised_alignment,ToN-IoT,CICIoT2023,semantic_features_only,RandomForest,unsupervised_alignment,0,4200,1400,0.60365625,0.5112461567391454,0.7142857142857143,0.7142857142857143,1.0,0.4166666666666667,0.8333333333333334,0.0,1.0,0.0,1000.0,0,400,0,1000,0.15000000000000002
ToN-IoT_to_CICIoT2023_semantic_features_only_RandomForest_limited_label_5pct,ToN-IoT,CICIoT2023,semantic_features_only,RandomForest,limited_label_5pct,210,4200,1400,0.9936649999999999,0.9977328961353025,0.7242857142857143,0.7215007215007215,1.0,0.45292790877542505,0.8382229673093042,0.06763285024154589,0.965,0.0,965.0,14,386,0,1000,0.27
Edge-IIoTset_to_ToN-IoT_full_multilevel_LogisticRegression_zero_shot,Edge-IIoTset,ToN-IoT,full_multilevel,LogisticRegression,zero_shot,0,4200,1400,0.023717499999999992,0.5039935402920072,0.012857142857142857,0.012755102040816327,0.005,0.012824908568443052,0.007183908045977011,0.018465909090909092,0.9675,0.995,967.5,13,387,995,5,0.02
Edge-IIoTset_to_ToN-IoT_full_multilevel_LogisticRegression_unsupervised_alignment,Edge-IIoTset,ToN-IoT,full_multilevel,LogisticRegression,unsupervised_alignment,0,4200,1400,0.12750499999999995,0.6167624137563874,0.7142857142857143,0.7142857142857143,1.0,0.4166666666666667,0.8333333333333334,0.0,1.0,0.0,1000.0,0,400,0,1000,0.02
Edge-IIoTset_to_ToN-IoT_full_multilevel_LogisticRegression_limited_label_5pct,Edge-IIoTset,ToN-IoT,full_multilevel,LogisticRegression,limited_label_5pct,210,4200,1400,0.9974375,0.9971984324389211,0.9971428571428571,0.9970059880239521,0.999,0.9964947333368386,0.998001998001998,0.9949874686716792,0.0075,0.001,7.5,397,3,1,999,0.5800000000000001
Edge-IIoTset_to_ToN-IoT_full_multilevel_RandomForest_zero_shot,Edge-IIoTset,ToN-IoT,full_multilevel,RandomForest,zero_shot,0,4200,1400,0.2828125,0.5499304374301391,0.72,0.7183908045977011,1.0,0.4376680438061512,0.8361204013377926,0.0392156862745098,0.98,0.0,980.0,8,392,0,1000,0.47000000000000003
Edge-IIoTset_to_ToN-IoT_full_multilevel_RandomForest_unsupervised_alignment,Edge-IIoTset,ToN-IoT,full_multilevel,RandomForest,unsupervised_alignment,0,4200,1400,0.5395062500000001,0.7922752672661908,0.7142857142857143,0.7142857142857143,1.0,0.4166666666666667,0.8333333333333334,0.0,1.0,0.0,1000.0,0,400,0,1000,0.47000000000000003
Edge-IIoTset_to_ToN-IoT_full_multilevel_RandomForest_limited_label_5pct,Edge-IIoTset,ToN-IoT,full_multilevel,RandomForest,limited_label_5pct,210,4200,1400,0.9999375,0.9999753527698908,0.9521428571428572,0.9372071227741331,1.0,0.9380903445358129,0.9675858732462506,0.9085948158253752,0.1675,0.0,167.5,333,67,0,1000,0.2
Edge-IIoTset_to_ToN-IoT_full_multilevel_no_proto_LogisticRegression_zero_shot,Edge-IIoTset,ToN-IoT,full_multilevel_no_proto,LogisticRegression,zero_shot,0,4200,1400,0.030967499999999995,0.505572484185833,0.03142857142857143,0.07416267942583732,0.031,0.0312684341697301,0.04372355430183357,0.01881331403762663,0.9675,0.969,967.5,13,387,969,31,0.02
Edge-IIoTset_to_ToN-IoT_full_multilevel_no_proto_LogisticRegression_unsupervised_alignment,Edge-IIoTset,ToN-IoT,full_multilevel_no_proto,LogisticRegression,unsupervised_alignment,0,4200,1400,0.12750749999999997,0.6167630095544807,0.7142857142857143,0.7142857142857143,1.0,0.4166666666666667,0.8333333333333334,0.0,1.0,0.0,1000.0,0,400,0,1000,0.02
Edge-IIoTset_to_ToN-IoT_full_multilevel_no_proto_LogisticRegression_limited_label_5pct,Edge-IIoTset,ToN-IoT,full_multilevel_no_proto,LogisticRegression,limited_label_5pct,210,4200,1400,0.9781424999999999,0.9798957217132618,0.9621428571428572,0.9522445081184336,0.997,0.9518616626151314,0.9741084513922814,0.9296148738379814,0.125,0.003,125.0,350,50,3,997,0.78
Edge-IIoTset_to_ToN-IoT_full_multilevel_no_proto_RandomForest_zero_shot,Edge-IIoTset,ToN-IoT,full_multilevel_no_proto,RandomForest,zero_shot,0,4200,1400,0.27997250000000007,0.54612827459667,0.7757142857142857,0.76103500761035,1.0,0.609106850055664,0.8643042350907519,0.35390946502057613,0.785,0.0,785.0,86,314,0,1000,0.47000000000000003
Edge-IIoTset_to_ToN-IoT_full_multilevel_no_proto_RandomForest_unsupervised_alignment,Edge-IIoTset,ToN-IoT,full_multilevel_no_proto,RandomForest,unsupervised_alignment,0,4200,1400,0.59210125,0.8208991068861164,0.7142857142857143,0.7142857142857143,1.0,0.4166666666666667,0.8333333333333334,0.0,1.0,0.0,1000.0,0,400,0,1000,0.47000000000000003
Edge-IIoTset_to_ToN-IoT_full_multilevel_no_proto_RandomForest_limited_label_5pct,Edge-IIoTset,ToN-IoT,full_multilevel_no_proto,RandomForest,limited_label_5pct,210,4200,1400,0.9999275,0.9999712408513614,0.9492857142857143,0.9337068160597572,1.0,0.93416167745978,0.9657170449058425,0.9026063100137174,0.1775,0.0,177.5,329,71,0,1000,0.18000000000000002
Edge-IIoTset_to_ToN-IoT_full_multilevel_no_rates_LogisticRegression_zero_shot,Edge-IIoTset,ToN-IoT,full_multilevel_no_rates,LogisticRegression,zero_shot,0,4200,1400,0.02541250000000002,0.5043631154654581,0.015714285714285715,0.02512562814070352,0.01,0.01571227696383054,0.01430615164520744,0.017118402282453638,0.97,0.99,970.0,12,388,990,10,0.02
Edge-IIoTset_to_ToN-IoT_full_multilevel_no_rates_LogisticRegression_unsupervised_alignment,Edge-IIoTset,ToN-IoT,full_multilevel_no_rates,LogisticRegression,unsupervised_alignment,0,4200,1400,0.12750749999999997,0.6167630095544807,0.7142857142857143,0.7142857142857143,1.0,0.4166666666666667,0.8333333333333334,0.0,1.0,0.0,1000.0,0,400,0,1000,0.02
Edge-IIoTset_to_ToN-IoT_full_multilevel_no_rates_LogisticRegression_limited_label_5pct,Edge-IIoTset,ToN-IoT,full_multilevel_no_rates,LogisticRegression,limited_label_5pct,210,4200,1400,0.9995649999999999,0.999850638705932,0.9935714285714285,0.9920556107249255,0.999,0.9920831943179955,0.9955156950672646,0.9886506935687264,0.02,0.001,20.0,392,8,1,999,0.68
Edge-IIoTset_to_ToN-IoT_full_multilevel_no_rates_RandomForest_zero_shot,Edge-IIoTset,ToN-IoT,full_multilevel_no_rates,RandomForest,zero_shot,0,4200,1400,0.27249,0.5543101257541526,0.7314285714285714,0.7270742358078602,0.999,0.4794942075932144,0.8416175231676495,0.11737089201877934,0.9375,0.001,937.5,25,375,1,999,0.48000000000000004
Edge-IIoTset_to_ToN-IoT_full_multilevel_no_rates_RandomForest_unsupervised_alignment,Edge-IIoTset,ToN-IoT,full_multilevel_no_rates,RandomForest,unsupervised_alignment,0,4200,1400,0.46346499999999996,0.6100905109431016,0.7142857142857143,0.7142857142857143,1.0,0.4166666666666667,0.8333333333333334,0.0,1.0,0.0,1000.0,0,400,0,1000,0.48000000000000004
Edge-IIoTset_to_ToN-IoT_full_multilevel_no_rates_RandomForest_limited_label_5pct,Edge-IIoTset,ToN-IoT,full_multilevel_no_rates,RandomForest,limited_label_5pct,210,4200,1400,0.99989625,0.9999590868473378,0.9235714285714286,0.9033423667570009,1.0,0.8974078708297977,0.9492168960607499,0.8455988455988456,0.2675,0.0,267.5,293,107,0,1000,0.14
Edge-IIoTset_to_ToN-IoT_semantic_features_only_LogisticRegression_zero_shot,Edge-IIoTset,ToN-IoT,semantic_features_only,LogisticRegression,zero_shot,0,4200,1400,0.03291499999999997,0.50601078823359,0.21428571428571427,0.4258160237388724,0.287,0.1829909322603988,0.3428912783751493,0.023090586145648313,0.9675,0.713,967.5,13,387,713,287,0.03
Edge-IIoTset_to_ToN-IoT_semantic_features_only_LogisticRegression_unsupervised_alignment,Edge-IIoTset,ToN-IoT,semantic_features_only,LogisticRegression,unsupervised_alignment,0,4200,1400,0.12901749999999995,0.618042285447227,0.7142857142857143,0.7142857142857143,1.0,0.4166666666666667,0.8333333333333334,0.0,1.0,0.0,1000.0,0,400,0,1000,0.03
Edge-IIoTset_to_ToN-IoT_semantic_features_only_LogisticRegression_limited_label_5pct,Edge-IIoTset,ToN-IoT,semantic_features_only,LogisticRegression,limited_label_5pct,210,4200,1400,0.9677625,0.9462749543514188,0.9185714285714286,0.8990990990990991,0.998,0.8903770863383473,0.9459715639810427,0.8347826086956521,0.28,0.002,280.0,288,112,2,998,0.76
Edge-IIoTset_to_ToN-IoT_semantic_features_only_RandomForest_zero_shot,Edge-IIoTset,ToN-IoT,semantic_features_only,RandomForest,zero_shot,0,4200,1400,0.27464374999999996,0.5380447057136304,0.7142857142857143,0.7142857142857143,1.0,0.4166666666666667,0.8333333333333334,0.0,1.0,0.0,1000.0,0,400,0,1000,0.13
Edge-IIoTset_to_ToN-IoT_semantic_features_only_RandomForest_unsupervised_alignment,Edge-IIoTset,ToN-IoT,semantic_features_only,RandomForest,unsupervised_alignment,0,4200,1400,0.50219375,0.7704668133632895,0.7142857142857143,0.7142857142857143,1.0,0.4166666666666667,0.8333333333333334,0.0,1.0,0.0,1000.0,0,400,0,1000,0.13
Edge-IIoTset_to_ToN-IoT_semantic_features_only_RandomForest_limited_label_5pct,Edge-IIoTset,ToN-IoT,semantic_features_only,RandomForest,limited_label_5pct,210,4200,1400,0.9998849999999999,0.9999546290140107,0.9414285714285714,0.9242144177449169,1.0,0.9232043326670574,0.9606147934678194,0.8857938718662952,0.205,0.0,205.0,318,82,0,1000,0.14
Edge-IIoTset_to_NF-ToN-IoT-v2_full_multilevel_LogisticRegression_zero_shot,Edge-IIoTset,NF-ToN-IoT-v2,full_multilevel,LogisticRegression,zero_shot,0,4200,1400,0.49847875,0.6644542723233002,0.7178571428571429,0.7328714395688991,0.952,0.5198815071032359,0.8281861678990866,0.21157684630738524,0.8675,0.048,867.5,53,347,48,952,0.02
Edge-IIoTset_to_NF-ToN-IoT-v2_full_multilevel_LogisticRegression_unsupervised_alignment,Edge-IIoTset,NF-ToN-IoT-v2,full_multilevel,LogisticRegression,unsupervised_alignment,0,4200,1400,0.46510124999999997,0.6460764008205739,0.7142857142857143,0.7142857142857143,1.0,0.4166666666666667,0.8333333333333334,0.0,1.0,0.0,1000.0,0,400,0,1000,0.02
Edge-IIoTset_to_NF-ToN-IoT-v2_full_multilevel_LogisticRegression_limited_label_5pct,Edge-IIoTset,NF-ToN-IoT-v2,full_multilevel,LogisticRegression,limited_label_5pct,210,4200,1400,0.74850375,0.859991648333639,0.4328571428571429,0.9153225806451613,0.227,0.4260920565688607,0.36378205128205127,0.4884020618556701,0.0525,0.773,52.5,379,21,773,227,0.49
Edge-IIoTset_to_NF-ToN-IoT-v2_full_multilevel_RandomForest_zero_shot,Edge-IIoTset,NF-ToN-IoT-v2,full_multilevel,RandomForest,zero_shot,0,4200,1400,0.6059374999999999,0.699705715710115,0.72,0.7334869431643625,0.955,0.5212823492056846,0.8297132927888793,0.21285140562248997,0.8675,0.045,867.5,53,347,45,955,0.47000000000000003
Edge-IIoTset_to_NF-ToN-IoT-v2_full_multilevel_RandomForest_unsupervised_alignment,Edge-IIoTset,NF-ToN-IoT-v2,full_multilevel,RandomForest,unsupervised_alignment,0,4200,1400,0.6427575000000001,0.8322342032627842,0.7142857142857143,0.7142857142857143,1.0,0.4166666666666667,0.8333333333333334,0.0,1.0,0.0,1000.0,0,400,0,1000,0.47000000000000003
Edge-IIoTset_to_NF-ToN-IoT-v2_full_multilevel_RandomForest_limited_label_5pct,Edge-IIoTset,NF-ToN-IoT-v2,full_multilevel,RandomForest,limited_label_5pct,210,4200,1400,0.9826312500000001,0.9888211493683504,0.9742857142857143,0.9762845849802372,0.988,0.968211038338497,0.9821073558648111,0.9543147208121827,0.06,0.012,60.0,376,24,12,988,0.5800000000000001
Edge-IIoTset_to_NF-ToN-IoT-v2_full_multilevel_no_proto_LogisticRegression_zero_shot,Edge-IIoTset,NF-ToN-IoT-v2,full_multilevel_no_proto,LogisticRegression,zero_shot,0,4200,1400,0.45103875,0.6240420318272417,0.7164285714285714,0.7324595219737856,0.95,0.5189507275026376,0.827165868524162,0.21073558648111332,0.8675,0.05,867.5,53,347,50,950,0.02
Edge-IIoTset_to_NF-ToN-IoT-v2_full_multilevel_no_proto_LogisticRegression_unsupervised_alignment,Edge-IIoTset,NF-ToN-IoT-v2,full_multilevel_no_proto,LogisticRegression,unsupervised_alignment,0,4200,1400,0.4646612499999999,0.6460255184999287,0.7142857142857143,0.7142857142857143,1.0,0.4166666666666667,0.8333333333333334,0.0,1.0,0.0,1000.0,0,400,0,1000,0.02
Edge-IIoTset_to_NF-ToN-IoT-v2_full_multilevel_no_proto_LogisticRegression_limited_label_5pct,Edge-IIoTset,NF-ToN-IoT-v2,full_multilevel_no_proto,LogisticRegression,limited_label_5pct,210,4200,1400,0.75375375,0.8628157410864137,0.4307142857142857,0.9356223175965666,0.218,0.4224969476391367,0.35360908353609083,0.4913848117421825,0.0375,0.782,37.5,385,15,782,218,0.61
Edge-IIoTset_to_NF-ToN-IoT-v2_full_multilevel_no_proto_RandomForest_zero_shot,Edge-IIoTset,NF-ToN-IoT-v2,full_multilevel_no_proto,RandomForest,zero_shot,0,4200,1400,0.45630875,0.5527958921611174,0.6935714285714286,0.7282174260591526,0.911,0.5139986357004659,0.8094180364282542,0.2185792349726776,0.85,0.089,850.0,60,340,89,911,0.47000000000000003
Edge-IIoTset_to_NF-ToN-IoT-v2_full_multilevel_no_proto_RandomForest_unsupervised_alignment,Edge-IIoTset,NF-ToN-IoT-v2,full_multilevel_no_proto,RandomForest,unsupervised_alignment,0,4200,1400,0.6158924999999998,0.8265888739775326,0.7142857142857143,0.7142857142857143,1.0,0.4166666666666667,0.8333333333333334,0.0,1.0,0.0,1000.0,0,400,0,1000,0.47000000000000003
Edge-IIoTset_to_NF-ToN-IoT-v2_full_multilevel_no_proto_RandomForest_limited_label_5pct,Edge-IIoTset,NF-ToN-IoT-v2,full_multilevel_no_proto,RandomForest,limited_label_5pct,210,4200,1400,0.98428125,0.9913428133456522,0.9828571428571429,0.9850894632206759,0.991,0.9789045960355709,0.9880358923230309,0.9697732997481109,0.0375,0.009,37.5,385,15,9,991,0.55
Edge-IIoTset_to_NF-ToN-IoT-v2_full_multilevel_no_rates_LogisticRegression_zero_shot,Edge-IIoTset,NF-ToN-IoT-v2,full_multilevel_no_rates,LogisticRegression,zero_shot,0,4200,1400,0.50405375,0.6624385753573413,0.7185714285714285,0.7330769230769231,0.953,0.5203478260869565,0.828695652173913,0.212,0.8675,0.047,867.5,53,347,47,953,0.02
Edge-IIoTset_to_NF-ToN-IoT-v2_full_multilevel_no_rates_LogisticRegression_unsupervised_alignment,Edge-IIoTset,NF-ToN-IoT-v2,full_multilevel_no_rates,LogisticRegression,unsupervised_alignment,0,4200,1400,0.37146874999999996,0.6038250093071569,0.7142857142857143,0.7142857142857143,1.0,0.4166666666666667,0.8333333333333334,0.0,1.0,0.0,1000.0,0,400,0,1000,0.02
Edge-IIoTset_to_NF-ToN-IoT-v2_full_multilevel_no_rates_LogisticRegression_limited_label_5pct,Edge-IIoTset,NF-ToN-IoT-v2,full_multilevel_no_rates,LogisticRegression,limited_label_5pct,210,4200,1400,0.7360212500000001,0.8476804431582897,0.415,0.9209302325581395,0.198,0.40460334151185884,0.32592592592592595,0.4832807570977918,0.0425,0.802,42.5,383,17,802,198,0.61
Edge-IIoTset_to_NF-ToN-IoT-v2_full_multilevel_no_rates_RandomForest_zero_shot,Edge-IIoTset,NF-ToN-IoT-v2,full_multilevel_no_rates,RandomForest,zero_shot,0,4200,1400,0.59648,0.7199005018199088,0.6942857142857143,0.7273449920508744,0.915,0.5103919152566193,0.8104517271922055,0.21033210332103322,0.8575,0.085,857.5,57,343,85,915,0.48000000000000004
Edge-IIoTset_to_NF-ToN-IoT-v2_full_multilevel_no_rates_RandomForest_unsupervised_alignment,Edge-IIoTset,NF-ToN-IoT-v2,full_multilevel_no_rates,RandomForest,unsupervised_alignment,0,4200,1400,0.6117312499999998,0.8246749182049954,0.7142857142857143,0.7142857142857143,1.0,0.4166666666666667,0.8333333333333334,0.0,1.0,0.0,1000.0,0,400,0,1000,0.48000000000000004
Edge-IIoTset_to_NF-ToN-IoT-v2_full_multilevel_no_rates_RandomForest_limited_label_5pct,Edge-IIoTset,NF-ToN-IoT-v2,full_multilevel_no_rates,RandomForest,limited_label_5pct,210,4200,1400,0.9796575000000001,0.9873355623872324,0.9785714285714285,0.9783037475345168,0.992,0.9734681655889689,0.9851042701092354,0.9618320610687023,0.055,0.008,55.0,378,22,8,992,0.55
Edge-IIoTset_to_NF-ToN-IoT-v2_semantic_features_only_LogisticRegression_zero_shot,Edge-IIoTset,NF-ToN-IoT-v2,semantic_features_only,LogisticRegression,zero_shot,0,4200,1400,0.43793875000000004,0.6142573202282477,0.5628571428571428,0.6830188679245283,0.724,0.43794279716609813,0.7029126213592233,0.17297297297297298,0.84,0.276,840.0,64,336,276,724,0.03
Edge-IIoTset_to_NF-ToN-IoT-v2_semantic_features_only_LogisticRegression_unsupervised_alignment,Edge-IIoTset,NF-ToN-IoT-v2,semantic_features_only,LogisticRegression,unsupervised_alignment,0,4200,1400,0.38289125,0.6106253112007196,0.7142857142857143,0.7142857142857143,1.0,0.4166666666666667,0.8333333333333334,0.0,1.0,0.0,1000.0,0,400,0,1000,0.03
Edge-IIoTset_to_NF-ToN-IoT-v2_semantic_features_only_LogisticRegression_limited_label_5pct,Edge-IIoTset,NF-ToN-IoT-v2,semantic_features_only,LogisticRegression,limited_label_5pct,210,4200,1400,0.7391562500000001,0.8489498638867866,0.4342857142857143,0.9297520661157025,0.225,0.4269874048854905,0.36231884057971014,0.49165596919127086,0.0425,0.775,42.5,383,17,775,225,0.6
Edge-IIoTset_to_NF-ToN-IoT-v2_semantic_features_only_RandomForest_zero_shot,Edge-IIoTset,NF-ToN-IoT-v2,semantic_features_only,RandomForest,zero_shot,0,4200,1400,0.37736125,0.5445230166149941,0.7142857142857143,0.7142857142857143,1.0,0.4166666666666667,0.8333333333333334,0.0,1.0,0.0,1000.0,0,400,0,1000,0.13
Edge-IIoTset_to_NF-ToN-IoT-v2_semantic_features_only_RandomForest_unsupervised_alignment,Edge-IIoTset,NF-ToN-IoT-v2,semantic_features_only,RandomForest,unsupervised_alignment,0,4200,1400,0.61457125,0.8283005953567242,0.7142857142857143,0.7142857142857143,1.0,0.4166666666666667,0.8333333333333334,0.0,1.0,0.0,1000.0,0,400,0,1000,0.13
Edge-IIoTset_to_NF-ToN-IoT-v2_semantic_features_only_RandomForest_limited_label_5pct,Edge-IIoTset,NF-ToN-IoT-v2,semantic_features_only,RandomForest,limited_label_5pct,210,4200,1400,0.98143375,0.9895205322797753,0.9785714285714285,0.9783037475345168,0.992,0.9734681655889689,0.9851042701092354,0.9618320610687023,0.055,0.008,55.0,378,22,8,992,0.56
Edge-IIoTset_to_CICIoT2023_full_multilevel_LogisticRegression_zero_shot,Edge-IIoTset,CICIoT2023,full_multilevel,LogisticRegression,zero_shot,0,4200,1400,0.1235925,0.5241848212809448,0.6764285714285714,0.7030438010393467,0.947,0.40349382190029826,0.8069876438005965,0.0,1.0,0.053,1000.0,0,400,53,947,0.02
Edge-IIoTset_to_CICIoT2023_full_multilevel_LogisticRegression_unsupervised_alignment,Edge-IIoTset,CICIoT2023,full_multilevel,LogisticRegression,unsupervised_alignment,0,4200,1400,0.34359375000000003,0.6008762315726464,0.7657142857142857,0.767515923566879,0.964,0.625834376303713,0.8546099290780141,0.39705882352941174,0.73,0.036,730.0,108,292,36,964,0.02
Edge-IIoTset_to_CICIoT2023_full_multilevel_LogisticRegression_limited_label_5pct,Edge-IIoTset,CICIoT2023,full_multilevel,LogisticRegression,limited_label_5pct,210,4200,1400,0.7354675,0.8739890653444344,0.6978571428571428,0.7573595004460303,0.849,0.5887954038408258,0.8005657708628006,0.37702503681885124,0.68,0.151,680.0,128,272,151,849,0.56
Edge-IIoTset_to_CICIoT2023_full_multilevel_RandomForest_zero_shot,Edge-IIoTset,CICIoT2023,full_multilevel,RandomForest,zero_shot,0,4200,1400,0.25959,0.6181043230212926,0.7142857142857143,0.7142857142857143,1.0,0.4166666666666667,0.8333333333333334,0.0,1.0,0.0,1000.0,0,400,0,1000,0.47000000000000003
Edge-IIoTset_to_CICIoT2023_full_multilevel_RandomForest_unsupervised_alignment,Edge-IIoTset,CICIoT2023,full_multilevel,RandomForest,unsupervised_alignment,0,4200,1400,0.5433812499999999,0.7049071283904746,0.7142857142857143,0.7142857142857143,1.0,0.4166666666666667,0.8333333333333334,0.0,1.0,0.0,1000.0,0,400,0,1000,0.47000000000000003
Edge-IIoTset_to_CICIoT2023_full_multilevel_RandomForest_limited_label_5pct,Edge-IIoTset,CICIoT2023,full_multilevel,RandomForest,limited_label_5pct,210,4200,1400,0.9946125,0.9979567817805184,0.7378571428571429,0.731528895391368,1.0,0.49868817877845,0.8449514152936206,0.15242494226327943,0.9175,0.0,917.5,33,367,0,1000,0.27
Edge-IIoTset_to_CICIoT2023_full_multilevel_no_proto_LogisticRegression_zero_shot,Edge-IIoTset,CICIoT2023,full_multilevel_no_proto,LogisticRegression,zero_shot,0,4200,1400,0.30724999999999997,0.5850522546275159,0.6471428571428571,0.6949152542372882,0.902,0.4004833581253749,0.7850304612706701,0.01593625498007968,0.99,0.098,990.0,4,396,98,902,0.02
Edge-IIoTset_to_CICIoT2023_full_multilevel_no_proto_LogisticRegression_unsupervised_alignment,Edge-IIoTset,CICIoT2023,full_multilevel_no_proto,LogisticRegression,unsupervised_alignment,0,4200,1400,0.35453499999999993,0.6047076211832525,0.7671428571428571,0.7691693290734825,0.963,0.6301746379536114,0.8552397868561279,0.4051094890510949,0.7225,0.037,722.5,111,289,37,963,0.02
Edge-IIoTset_to_CICIoT2023_full_multilevel_no_proto_LogisticRegression_limited_label_5pct,Edge-IIoTset,CICIoT2023,full_multilevel_no_proto,LogisticRegression,limited_label_5pct,210,4200,1400,0.7090775000000001,0.8166457526697947,0.7278571428571429,0.7656652360515022,0.892,0.6120092378752887,0.8240184757505774,0.4,0.6825,0.108,682.5,127,273,108,892,0.56
Edge-IIoTset_to_CICIoT2023_full_multilevel_no_proto_RandomForest_zero_shot,Edge-IIoTset,CICIoT2023,full_multilevel_no_proto,RandomForest,zero_shot,0,4200,1400,0.29535125,0.6614235578847567,0.7142857142857143,0.7142857142857143,1.0,0.4166666666666667,0.8333333333333334,0.0,1.0,0.0,1000.0,0,400,0,1000,0.47000000000000003
Edge-IIoTset_to_CICIoT2023_full_multilevel_no_proto_RandomForest_unsupervised_alignment,Edge-IIoTset,CICIoT2023,full_multilevel_no_proto,RandomForest,unsupervised_alignment,0,4200,1400,0.30005,0.5834405014296551,0.7142857142857143,0.7142857142857143,1.0,0.4166666666666667,0.8333333333333334,0.0,1.0,0.0,1000.0,0,400,0,1000,0.47000000000000003
Edge-IIoTset_to_CICIoT2023_full_multilevel_no_proto_RandomForest_limited_label_5pct,Edge-IIoTset,CICIoT2023,full_multilevel_no_proto,RandomForest,limited_label_5pct,210,4200,1400,0.994035,0.9977331668066007,0.7592857142857142,0.7479431563201197,1.0,0.5639681303031059,0.8557980316645272,0.27213822894168466,0.8425,0.0,842.5,63,337,0,1000,0.29000000000000004
Edge-IIoTset_to_CICIoT2023_full_multilevel_no_rates_LogisticRegression_zero_shot,Edge-IIoTset,CICIoT2023,full_multilevel_no_rates,LogisticRegression,zero_shot,0,4200,1400,0.08634249999999997,0.5144816617931061,0.7142857142857143,0.7142857142857143,1.0,0.4166666666666667,0.8333333333333334,0.0,1.0,0.0,1000.0,0,400,0,1000,0.02
Edge-IIoTset_to_CICIoT2023_full_multilevel_no_rates_LogisticRegression_unsupervised_alignment,Edge-IIoTset,CICIoT2023,full_multilevel_no_rates,LogisticRegression,unsupervised_alignment,0,4200,1400,0.36244375,0.6078226922173999,0.7664285714285715,0.770281124497992,0.959,0.6325768976103052,0.8543429844097995,0.41081081081081083,0.715,0.041,715.0,114,286,41,959,0.02
Edge-IIoTset_to_CICIoT2023_full_multilevel_no_rates_LogisticRegression_limited_label_5pct,Edge-IIoTset,CICIoT2023,full_multilevel_no_rates,LogisticRegression,limited_label_5pct,210,4200,1400,0.7133949999999999,0.8265338503406663,0.7664285714285715,0.7854113655640373,0.926,0.6616805563869435,0.8499311610830657,0.47342995169082125,0.6325,0.074,632.5,147,253,74,926,0.6
Edge-IIoTset_to_CICIoT2023_full_multilevel_no_rates_RandomForest_zero_shot,Edge-IIoTset,CICIoT2023,full_multilevel_no_rates,RandomForest,zero_shot,0,4200,1400,0.28837375,0.6487088446823168,0.7142857142857143,0.7142857142857143,1.0,0.4166666666666667,0.8333333333333334,0.0,1.0,0.0,1000.0,0,400,0,1000,0.48000000000000004
Edge-IIoTset_to_CICIoT2023_full_multilevel_no_rates_RandomForest_unsupervised_alignment,Edge-IIoTset,CICIoT2023,full_multilevel_no_rates,RandomForest,unsupervised_alignment,0,4200,1400,0.19240625,0.5399442362968931,0.7142857142857143,0.7142857142857143,1.0,0.4166666666666667,0.8333333333333334,0.0,1.0,0.0,1000.0,0,400,0,1000,0.48000000000000004
Edge-IIoTset_to_CICIoT2023_full_multilevel_no_rates_RandomForest_limited_label_5pct,Edge-IIoTset,CICIoT2023,full_multilevel_no_rates,RandomForest,limited_label_5pct,210,4200,1400,0.99656875,0.9987338405438315,0.7285714285714285,0.7246376811594203,1.0,0.4677871148459384,0.8403361344537815,0.09523809523809523,0.95,0.0,950.0,20,380,0,1000,0.27
Edge-IIoTset_to_CICIoT2023_semantic_features_only_LogisticRegression_zero_shot,Edge-IIoTset,CICIoT2023,semantic_features_only,LogisticRegression,zero_shot,0,4200,1400,0.19807000000000002,0.546556417026564,0.6835714285714286,0.705232129697863,0.957,0.40602460755197284,0.8120492151039457,0.0,1.0,0.043,1000.0,0,400,43,957,0.03
Edge-IIoTset_to_CICIoT2023_semantic_features_only_LogisticRegression_unsupervised_alignment,Edge-IIoTset,CICIoT2023,semantic_features_only,LogisticRegression,unsupervised_alignment,0,4200,1400,0.37515999999999994,0.6132860948527252,0.7664285714285715,0.7698476343223737,0.96,0.6315762789204171,0.8544726301735648,0.40867992766726946,0.7175,0.04,717.5,113,287,40,960,0.03
Edge-IIoTset_to_CICIoT2023_semantic_features_only_LogisticRegression_limited_label_5pct,Edge-IIoTset,CICIoT2023,semantic_features_only,LogisticRegression,limited_label_5pct,210,4200,1400,0.68096,0.7643361593916747,0.7728571428571429,0.7960069444444444,0.917,0.6807448712653175,0.8522304832713755,0.5092592592592593,0.5875,0.083,587.5,165,235,83,917,0.67
Edge-IIoTset_to_CICIoT2023_semantic_features_only_RandomForest_zero_shot,Edge-IIoTset,CICIoT2023,semantic_features_only,RandomForest,zero_shot,0,4200,1400,0.62778,0.746968056591916,0.7142857142857143,0.7142857142857143,1.0,0.4166666666666667,0.8333333333333334,0.0,1.0,0.0,1000.0,0,400,0,1000,0.13
Edge-IIoTset_to_CICIoT2023_semantic_features_only_RandomForest_unsupervised_alignment,Edge-IIoTset,CICIoT2023,semantic_features_only,RandomForest,unsupervised_alignment,0,4200,1400,0.67085375,0.7560065809552051,0.7142857142857143,0.7142857142857143,1.0,0.4166666666666667,0.8333333333333334,0.0,1.0,0.0,1000.0,0,400,0,1000,0.13
Edge-IIoTset_to_CICIoT2023_semantic_features_only_RandomForest_limited_label_5pct,Edge-IIoTset,CICIoT2023,semantic_features_only,RandomForest,limited_label_5pct,210,4200,1400,0.9966524999999999,0.9987429791024327,0.7407142857142858,0.7336757153338225,1.0,0.5078590512971235,0.8463817181548878,0.16933638443935928,0.9075,0.0,907.5,37,363,0,1000,0.28
NF-ToN-IoT-v2_to_ToN-IoT_full_multilevel_LogisticRegression_zero_shot,NF-ToN-IoT-v2,ToN-IoT,full_multilevel,LogisticRegression,zero_shot,0,4200,1400,0.74464,0.7571308161116973,0.9164285714285715,0.9039341262580055,0.988,0.889305700756411,0.9440993788819876,0.8345120226308345,0.2625,0.012,262.5,295,105,12,988,0.11
NF-ToN-IoT-v2_to_ToN-IoT_full_multilevel_LogisticRegression_unsupervised_alignment,NF-ToN-IoT-v2,ToN-IoT,full_multilevel,LogisticRegression,unsupervised_alignment,0,4200,1400,0.80839375,0.871797254324454,0.7778571428571428,0.9538866930171278,0.724,0.7622218981944919,0.8231949971574758,0.7012487992315082,0.0875,0.276,87.5,365,35,276,724,0.11
NF-ToN-IoT-v2_to_ToN-IoT_full_multilevel_LogisticRegression_limited_label_5pct,NF-ToN-IoT-v2,ToN-IoT,full_multilevel,LogisticRegression,limited_label_5pct,210,4200,1400,0.8530850000000001,0.8920111641207805,0.8692857142857143,0.8946859903381642,0.926,0.8354290118996002,0.9100737100737101,0.7607843137254902,0.2725,0.074,272.5,291,109,74,926,0.6900000000000001
NF-ToN-IoT-v2_to_ToN-IoT_full_multilevel_RandomForest_zero_shot,NF-ToN-IoT-v2,ToN-IoT,full_multilevel,RandomForest,zero_shot,0,4200,1400,0.013054999999999956,0.37120634741377656,0.2835714285714286,0.0,0.0,0.22092376182526433,0.0,0.44184752365052865,0.0075,1.0,7.5,397,3,1000,0,0.64
NF-ToN-IoT-v2_to_ToN-IoT_full_multilevel_RandomForest_unsupervised_alignment,NF-ToN-IoT-v2,ToN-IoT,full_multilevel,RandomForest,unsupervised_alignment,0,4200,1400,0.9953700000000001,0.9981775988973047,0.7492857142857143,0.7401924500370096,1.0,0.5344823176225062,0.8507018290089323,0.2182628062360802,0.8775,0.0,877.5,49,351,0,1000,0.64
NF-ToN-IoT-v2_to_ToN-IoT_full_multilevel_RandomForest_limited_label_5pct,NF-ToN-IoT-v2,ToN-IoT,full_multilevel,RandomForest,limited_label_5pct,210,4200,1400,0.999965,0.9999859929017392,0.96,0.946969696969697,1.0,0.9487469143550479,0.9727626459143969,0.9247311827956989,0.14,0.0,140.0,344,56,0,1000,0.21000000000000002
NF-ToN-IoT-v2_to_ToN-IoT_full_multilevel_no_proto_LogisticRegression_zero_shot,NF-ToN-IoT-v2,ToN-IoT,full_multilevel_no_proto,LogisticRegression,zero_shot,0,4200,1400,0.74506,0.757248099243806,0.7485714285714286,0.7396449704142012,1.0,0.532312925170068,0.8503401360544217,0.21428571428571427,0.88,0.0,880.0,48,352,0,1000,0.09999999999999999
NF-ToN-IoT-v2_to_ToN-IoT_full_multilevel_no_proto_LogisticRegression_unsupervised_alignment,NF-ToN-IoT-v2,ToN-IoT,full_multilevel_no_proto,LogisticRegression,unsupervised_alignment,0,4200,1400,0.8067075000000001,0.8555003534461264,0.7528571428571429,0.9541666666666667,0.687,0.7392334194659775,0.7988372093023256,0.6796296296296296,0.0825,0.313,82.5,367,33,313,687,0.09999999999999999
NF-ToN-IoT-v2_to_ToN-IoT_full_multilevel_no_proto_LogisticRegression_limited_label_5pct,NF-ToN-IoT-v2,ToN-IoT,full_multilevel_no_proto,LogisticRegression,limited_label_5pct,210,4200,1400,0.8968849999999999,0.9136329952516185,0.8771428571428571,0.8927893738140418,0.941,0.8428489757773363,0.9162609542356378,0.7694369973190348,0.2825,0.059,282.5,287,113,59,941,0.66
NF-ToN-IoT-v2_to_ToN-IoT_full_multilevel_no_proto_RandomForest_zero_shot,NF-ToN-IoT-v2,ToN-IoT,full_multilevel_no_proto,RandomForest,zero_shot,0,4200,1400,0.003497499999999947,0.37478407572557193,0.28214285714285714,0.0,0.0,0.2200557103064067,0.0,0.4401114206128134,0.0125,1.0,12.5,395,5,1000,0,0.7000000000000001
NF-ToN-IoT-v2_to_ToN-IoT_full_multilevel_no_proto_RandomForest_unsupervised_alignment,NF-ToN-IoT-v2,ToN-IoT,full_multilevel_no_proto,RandomForest,unsupervised_alignment,0,4200,1400,0.9443325,0.9025438492359116,0.775,0.7604562737642585,1.0,0.6072231747233416,0.8639308855291576,0.35051546391752575,0.7875,0.0,787.5,85,315,0,1000,0.7000000000000001
NF-ToN-IoT-v2_to_ToN-IoT_full_multilevel_no_proto_RandomForest_limited_label_5pct,NF-ToN-IoT-v2,ToN-IoT,full_multilevel_no_proto,RandomForest,limited_label_5pct,210,4200,1400,0.99996,0.9999839969027643,0.9478571428571428,0.9319664492078286,1.0,0.9321863402586872,0.964785335262904,0.8995873452544704,0.1825,0.0,182.5,327,73,0,1000,0.17
NF-ToN-IoT-v2_to_ToN-IoT_full_multilevel_no_rates_LogisticRegression_zero_shot,NF-ToN-IoT-v2,ToN-IoT,full_multilevel_no_rates,LogisticRegression,zero_shot,0,4200,1400,0.1771825,0.5405510398504838,0.08642857142857142,0.0035587188612099642,0.001,0.07977998179705516,0.00156128024980484,0.15799868334430547,0.7,0.999,700.0,120,280,999,1,0.13
NF-ToN-IoT-v2_to_ToN-IoT_full_multilevel_no_rates_LogisticRegression_unsupervised_alignment,NF-ToN-IoT-v2,ToN-IoT,full_multilevel_no_rates,LogisticRegression,unsupervised_alignment,0,4200,1400,0.80100375,0.8488891186848393,0.7778571428571428,0.9538866930171278,0.724,0.7622218981944919,0.8231949971574758,0.7012487992315082,0.0875,0.276,87.5,365,35,276,724,0.13
NF-ToN-IoT-v2_to_ToN-IoT_full_multilevel_no_rates_LogisticRegression_limited_label_5pct,NF-ToN-IoT-v2,ToN-IoT,full_multilevel_no_rates,LogisticRegression,limited_label_5pct,210,4200,1400,0.5071625000000001,0.6453746400006656,0.8292857142857143,0.8178780284043442,0.979,0.7474318590630522,0.8912152935821575,0.603648424543947,0.545,0.021,545.0,182,218,21,979,0.62
NF-ToN-IoT-v2_to_ToN-IoT_full_multilevel_no_rates_RandomForest_zero_shot,NF-ToN-IoT-v2,ToN-IoT,full_multilevel_no_rates,RandomForest,zero_shot,0,4200,1400,0.016065000000000013,0.42797342645196784,0.2835714285714286,0.0,0.0,0.22092376182526433,0.0,0.44184752365052865,0.0075,1.0,7.5,397,3,1000,0,0.6900000000000001
NF-ToN-IoT-v2_to_ToN-IoT_full_multilevel_no_rates_RandomForest_unsupervised_alignment,NF-ToN-IoT-v2,ToN-IoT,full_multilevel_no_rates,RandomForest,unsupervised_alignment,0,4200,1400,0.8964175000000001,0.9327696522312261,0.8407142857142857,0.8176614881439084,1.0,0.7566016538925415,0.899685110211426,0.6135181975736569,0.5575,0.0,557.5,177,223,0,1000,0.6900000000000001
NF-ToN-IoT-v2_to_ToN-IoT_full_multilevel_no_rates_RandomForest_limited_label_5pct,NF-ToN-IoT-v2,ToN-IoT,full_multilevel_no_rates,RandomForest,limited_label_5pct,210,4200,1400,0.99991375,0.9999656043563288,0.945,0.9285051067780873,1.0,0.9282133037129972,0.9629272989889264,0.8934993084370678,0.1925,0.0,192.5,323,77,0,1000,0.13
NF-ToN-IoT-v2_to_ToN-IoT_semantic_features_only_LogisticRegression_zero_shot,NF-ToN-IoT-v2,ToN-IoT,semantic_features_only,LogisticRegression,zero_shot,0,4200,1400,0.186505,0.5429148696849344,0.7485714285714286,0.7396449704142012,1.0,0.532312925170068,0.8503401360544217,0.21428571428571427,0.88,0.0,880.0,48,352,0,1000,0.09999999999999999
NF-ToN-IoT-v2_to_ToN-IoT_semantic_features_only_LogisticRegression_unsupervised_alignment,NF-ToN-IoT-v2,ToN-IoT,semantic_features_only,LogisticRegression,unsupervised_alignment,0,4200,1400,0.8004525,0.8486637193422317,0.7771428571428571,0.9526315789473684,0.724,0.7613636363636364,0.8227272727272728,0.7,0.09,0.276,90.0,364,36,276,724,0.09999999999999999
NF-ToN-IoT-v2_to_ToN-IoT_semantic_features_only_LogisticRegression_limited_label_5pct,NF-ToN-IoT-v2,ToN-IoT,semantic_features_only,LogisticRegression,limited_label_5pct,210,4200,1400,0.551705,0.6630168380956966,0.8521428571428571,0.8409286328460877,0.978,0.7896694151895262,0.9042995839112344,0.6750392464678179,0.4625,0.022,462.5,215,185,22,978,0.64
NF-ToN-IoT-v2_to_ToN-IoT_semantic_features_only_RandomForest_zero_shot,NF-ToN-IoT-v2,ToN-IoT,semantic_features_only,RandomForest,zero_shot,0,4200,1400,0.01831749999999996,0.42867313584117106,0.2842857142857143,0.0,0.0,0.22135706340378197,0.0,0.44271412680756395,0.005,1.0,5.0,398,2,1000,0,0.73
NF-ToN-IoT-v2_to_ToN-IoT_semantic_features_only_RandomForest_unsupervised_alignment,NF-ToN-IoT-v2,ToN-IoT,semantic_features_only,RandomForest,unsupervised_alignment,0,4200,1400,0.889345,0.8762574426437033,0.8835714285714286,0.8598452278589854,1.0,0.834377365584023,0.9246417013407304,0.7441130298273155,0.4075,0.0,407.5,237,163,0,1000,0.73
NF-ToN-IoT-v2_to_ToN-IoT_semantic_features_only_RandomForest_limited_label_5pct,NF-ToN-IoT-v2,ToN-IoT,semantic_features_only,RandomForest,limited_label_5pct,210,4200,1400,0.99991,0.9999640533732417,0.9585714285714285,0.945179584120983,1.0,0.9468250912224728,0.9718172983479106,0.921832884097035,0.145,0.0,145.0,342,58,0,1000,0.18000000000000002
NF-ToN-IoT-v2_to_Edge-IIoTset_full_multilevel_LogisticRegression_zero_shot,NF-ToN-IoT-v2,Edge-IIoTset,full_multilevel,LogisticRegression,zero_shot,0,4200,1400,0.4424725,0.6393555455717972,0.7142857142857143,0.7142857142857143,1.0,0.4166666666666667,0.8333333333333334,0.0,1.0,0.0,1000.0,0,400,0,1000,0.11
NF-ToN-IoT-v2_to_Edge-IIoTset_full_multilevel_LogisticRegression_unsupervised_alignment,NF-ToN-IoT-v2,Edge-IIoTset,full_multilevel,LogisticRegression,unsupervised_alignment,0,4200,1400,0.6304775,0.8027236564447164,0.6864285714285714,0.7355163727959698,0.876,0.5393905055687582,0.7996348699224098,0.2791461412151067,0.7875,0.124,787.5,85,315,124,876,0.11
NF-ToN-IoT-v2_to_Edge-IIoTset_full_multilevel_LogisticRegression_limited_label_5pct,NF-ToN-IoT-v2,Edge-IIoTset,full_multilevel,LogisticRegression,limited_label_5pct,210,4200,1400,0.9990175,0.9996556621529269,0.9914285714285714,0.9930139720558883,0.995,0.9894842000105157,0.994005994005994,0.9849624060150376,0.0175,0.005,17.5,393,7,5,995,0.5
NF-ToN-IoT-v2_to_Edge-IIoTset_full_multilevel_RandomForest_zero_shot,NF-ToN-IoT-v2,Edge-IIoTset,full_multilevel,RandomForest,zero_shot,0,4200,1400,0.05738374999999997,0.5043892106456875,0.17,0.017857142857142856,0.003,0.14656359118990062,0.005136986301369863,0.28799019607843135,0.4125,0.997,412.5,235,165,997,3,0.64
NF-ToN-IoT-v2_to_Edge-IIoTset_full_multilevel_RandomForest_unsupervised_alignment,NF-ToN-IoT-v2,Edge-IIoTset,full_multilevel,RandomForest,unsupervised_alignment,0,4200,1400,0.51823375,0.7667290872320043,0.7121428571428572,0.7136721546170365,0.997,0.4159365874009178,0.8318731748018356,0.0,1.0,0.003,1000.0,0,400,3,997,0.64
NF-ToN-IoT-v2_to_Edge-IIoTset_full_multilevel_RandomForest_limited_label_5pct,NF-ToN-IoT-v2,Edge-IIoTset,full_multilevel,RandomForest,limited_label_5pct,210,4200,1400,0.9848,0.9920953560179588,0.9478571428571428,0.9335827876520112,0.998,0.9324270268090151,0.9647172547124214,0.9001367989056087,0.1775,0.002,177.5,329,71,2,998,0.18000000000000002
NF-ToN-IoT-v2_to_Edge-IIoTset_full_multilevel_no_proto_LogisticRegression_zero_shot,NF-ToN-IoT-v2,Edge-IIoTset,full_multilevel_no_proto,LogisticRegression,zero_shot,0,4200,1400,0.42487250000000004,0.6309034980779507,0.7142857142857143,0.7142857142857143,1.0,0.4166666666666667,0.8333333333333334,0.0,1.0,0.0,1000.0,0,400,0,1000,0.09999999999999999
NF-ToN-IoT-v2_to_Edge-IIoTset_full_multilevel_no_proto_LogisticRegression_unsupervised_alignment,NF-ToN-IoT-v2,Edge-IIoTset,full_multilevel_no_proto,LogisticRegression,unsupervised_alignment,0,4200,1400,0.590355,0.7643154431606235,0.7014285714285714,0.7168405365126677,0.962,0.45442815642958095,0.8215200683176772,0.08733624454148471,0.95,0.038,950.0,20,380,38,962,0.09999999999999999
NF-ToN-IoT-v2_to_Edge-IIoTset_full_multilevel_no_proto_LogisticRegression_limited_label_5pct,NF-ToN-IoT-v2,Edge-IIoTset,full_multilevel_no_proto,LogisticRegression,limited_label_5pct,210,4200,1400,0.9998075,0.9999245746858155,0.99,0.9881188118811881,0.998,0.9876566534416524,0.9930348258706467,0.9822784810126582,0.03,0.002,30.0,388,12,2,998,0.36000000000000004
NF-ToN-IoT-v2_to_Edge-IIoTset_full_multilevel_no_proto_RandomForest_zero_shot,NF-ToN-IoT-v2,Edge-IIoTset,full_multilevel_no_proto,RandomForest,zero_shot,0,4200,1400,0.06723374999999998,0.5099065193294364,0.18071428571428572,0.013245033112582781,0.002,0.15395108216600745,0.0034752389226759338,0.30442692540933897,0.3725,0.998,372.5,251,149,998,2,0.7000000000000001
NF-ToN-IoT-v2_to_Edge-IIoTset_full_multilevel_no_proto_RandomForest_unsupervised_alignment,NF-ToN-IoT-v2,Edge-IIoTset,full_multilevel_no_proto,RandomForest,unsupervised_alignment,0,4200,1400,0.5413600000000001,0.7857829197216962,0.6564285714285715,0.7254561251086012,0.835,0.5176214309609104,0.7763830776383077,0.2588597842835131,0.79,0.165,790.0,84,316,165,835,0.7000000000000001
NF-ToN-IoT-v2_to_Edge-IIoTset_full_multilevel_no_proto_RandomForest_limited_label_5pct,NF-ToN-IoT-v2,Edge-IIoTset,full_multilevel_no_proto,RandomForest,limited_label_5pct,210,4200,1400,0.95118125,0.9745164894421388,0.9457142857142857,0.9317757009345794,0.997,0.9295877175567467,0.9632850241545894,0.8958904109589041,0.1825,0.003,182.5,327,73,3,997,0.18000000000000002
NF-ToN-IoT-v2_to_Edge-IIoTset_full_multilevel_no_rates_LogisticRegression_zero_shot,NF-ToN-IoT-v2,Edge-IIoTset,full_multilevel_no_rates,LogisticRegression,zero_shot,0,4200,1400,0.28200749999999997,0.5800897065407264,0.5614285714285714,0.6627318718381113,0.786,0.3595608417200366,0.7191216834400732,0.0,1.0,0.214,1000.0,0,400,214,786,0.13
NF-ToN-IoT-v2_to_Edge-IIoTset_full_multilevel_no_rates_LogisticRegression_unsupervised_alignment,NF-ToN-IoT-v2,Edge-IIoTset,full_multilevel_no_rates,LogisticRegression,unsupervised_alignment,0,4200,1400,0.5946775,0.8010141073907726,0.5971428571428572,0.7056603773584905,0.748,0.4820257150354238,0.7262135922330097,0.23783783783783785,0.78,0.252,780.0,88,312,252,748,0.13
NF-ToN-IoT-v2_to_Edge-IIoTset_full_multilevel_no_rates_LogisticRegression_limited_label_5pct,NF-ToN-IoT-v2,Edge-IIoTset,full_multilevel_no_rates,LogisticRegression,limited_label_5pct,210,4200,1400,0.998835,0.9995938215717748,0.9871428571428571,0.9851778656126482,0.997,0.9841055191692485,0.9910536779324056,0.9771573604060914,0.0375,0.003,37.5,385,15,3,997,0.37
NF-ToN-IoT-v2_to_Edge-IIoTset_full_multilevel_no_rates_RandomForest_zero_shot,NF-ToN-IoT-v2,Edge-IIoTset,full_multilevel_no_rates,RandomForest,zero_shot,0,4200,1400,0.41279125,0.607635198004669,0.26571428571428574,0.0,0.0,0.20993227990970656,0.0,0.4198645598194131,0.07,1.0,70.0,372,28,1000,0,0.6900000000000001
NF-ToN-IoT-v2_to_Edge-IIoTset_full_multilevel_no_rates_RandomForest_unsupervised_alignment,NF-ToN-IoT-v2,Edge-IIoTset,full_multilevel_no_rates,RandomForest,unsupervised_alignment,0,4200,1400,0.59157,0.8253433843446661,0.6707142857142857,0.7021755438859715,0.936,0.40762415432244375,0.8024003429061295,0.01284796573875803,0.9925,0.064,992.5,3,397,64,936,0.6900000000000001
NF-ToN-IoT-v2_to_Edge-IIoTset_full_multilevel_no_rates_RandomForest_limited_label_5pct,NF-ToN-IoT-v2,Edge-IIoTset,full_multilevel_no_rates,RandomForest,limited_label_5pct,210,4200,1400,0.9327475000000001,0.9615427528686212,0.945,0.9301025163094129,0.998,0.9284705232865604,0.9628557645923782,0.8940852819807428,0.1875,0.002,187.5,325,75,2,998,0.15000000000000002
NF-ToN-IoT-v2_to_Edge-IIoTset_semantic_features_only_LogisticRegression_zero_shot,NF-ToN-IoT-v2,Edge-IIoTset,semantic_features_only,LogisticRegression,zero_shot,0,4200,1400,0.20412999999999998,0.5519030031579727,0.7142857142857143,0.7142857142857143,1.0,0.4166666666666667,0.8333333333333334,0.0,1.0,0.0,1000.0,0,400,0,1000,0.09999999999999999
NF-ToN-IoT-v2_to_Edge-IIoTset_semantic_features_only_LogisticRegression_unsupervised_alignment,NF-ToN-IoT-v2,Edge-IIoTset,semantic_features_only,LogisticRegression,unsupervised_alignment,0,4200,1400,0.5517449999999999,0.7443292154462856,0.7035714285714286,0.7168272794662713,0.967,0.45157584630531084,0.8233290762026394,0.07982261640798226,0.955,0.033,955.0,18,382,33,967,0.09999999999999999
NF-ToN-IoT-v2_to_Edge-IIoTset_semantic_features_only_LogisticRegression_limited_label_5pct,NF-ToN-IoT-v2,Edge-IIoTset,semantic_features_only,LogisticRegression,limited_label_5pct,210,4200,1400,0.999885,0.9999542301302572,0.9935714285714285,0.9920556107249255,0.999,0.9920831943179955,0.9955156950672646,0.9886506935687264,0.02,0.001,20.0,392,8,1,999,0.38
NF-ToN-IoT-v2_to_Edge-IIoTset_semantic_features_only_RandomForest_zero_shot,NF-ToN-IoT-v2,Edge-IIoTset,semantic_features_only,RandomForest,zero_shot,0,4200,1400,0.09003875,0.513920961622757,0.2507142857142857,0.05454545454545454,0.003,0.2022705359931558,0.005687203791469194,0.3988538681948424,0.13,0.997,130.0,348,52,997,3,0.73
NF-ToN-IoT-v2_to_Edge-IIoTset_semantic_features_only_RandomForest_unsupervised_alignment,NF-ToN-IoT-v2,Edge-IIoTset,semantic_features_only,RandomForest,unsupervised_alignment,0,4200,1400,0.6819950000000001,0.8715196964270007,0.6,0.7558139534883721,0.65,0.551590025165866,0.6989247311827957,0.40425531914893614,0.525,0.35,525.0,190,210,350,650,0.73
NF-ToN-IoT-v2_to_Edge-IIoTset_semantic_features_only_RandomForest_limited_label_5pct,NF-ToN-IoT-v2,Edge-IIoTset,semantic_features_only,RandomForest,limited_label_5pct,210,4200,1400,0.97939375,0.9904132756531734,0.9442857142857143,0.9292364990689013,0.998,0.9274767487268583,0.9623915139826422,0.8925619834710744,0.19,0.002,190.0,324,76,2,998,0.16
NF-ToN-IoT-v2_to_CICIoT2023_full_multilevel_LogisticRegression_zero_shot,NF-ToN-IoT-v2,CICIoT2023,full_multilevel,LogisticRegression,zero_shot,0,4200,1400,0.6631925000000001,0.8730869275501727,0.6521428571428571,0.9638336347197106,0.533,0.6479380519686397,0.686413393432067,0.6094627105052125,0.05,0.467,50.0,380,20,467,533,0.11
NF-ToN-IoT-v2_to_CICIoT2023_full_multilevel_LogisticRegression_unsupervised_alignment,NF-ToN-IoT-v2,CICIoT2023,full_multilevel,LogisticRegression,unsupervised_alignment,0,4200,1400,0.36348,0.5983415146337199,0.16785714285714284,0.17131474103585656,0.043,0.15832343808619986,0.06874500399680256,0.24790187217559717,0.52,0.957,520.0,192,208,957,43,0.11
NF-ToN-IoT-v2_to_CICIoT2023_full_multilevel_LogisticRegression_limited_label_5pct,NF-ToN-IoT-v2,CICIoT2023,full_multilevel,LogisticRegression,limited_label_5pct,210,4200,1400,0.593395,0.7635208622143176,0.4514285714285714,0.7829268292682927,0.321,0.4514005816623297,0.4553191489361702,0.4474820143884892,0.2225,0.679,222.5,311,89,679,321,0.6
NF-ToN-IoT-v2_to_CICIoT2023_full_multilevel_RandomForest_zero_shot,NF-ToN-IoT-v2,CICIoT2023,full_multilevel,RandomForest,zero_shot,0,4200,1400,0.31787250000000006,0.5852167162316247,0.2392857142857143,0.32620320855614976,0.061,0.2212598667837301,0.10278011794439765,0.3397396156230626,0.315,0.939,315.0,274,126,939,61,0.64
NF-ToN-IoT-v2_to_CICIoT2023_full_multilevel_RandomForest_unsupervised_alignment,NF-ToN-IoT-v2,CICIoT2023,full_multilevel,RandomForest,unsupervised_alignment,0,4200,1400,0.6123762500000001,0.7592677044515175,0.64,0.723826714801444,0.802,0.5162935582586567,0.7609108159392789,0.27167630057803466,0.765,0.198,765.0,94,306,198,802,0.64
NF-ToN-IoT-v2_to_CICIoT2023_full_multilevel_RandomForest_limited_label_5pct,NF-ToN-IoT-v2,CICIoT2023,full_multilevel,RandomForest,limited_label_5pct,210,4200,1400,0.9941200000000001,0.9978374433151902,0.7142857142857143,0.7142857142857143,1.0,0.4166666666666667,0.8333333333333334,0.0,1.0,0.0,1000.0,0,400,0,1000,0.2
NF-ToN-IoT-v2_to_CICIoT2023_full_multilevel_no_proto_LogisticRegression_zero_shot,NF-ToN-IoT-v2,CICIoT2023,full_multilevel_no_proto,LogisticRegression,zero_shot,0,4200,1400,0.174495,0.5396776543077586,0.7142857142857143,0.7142857142857143,1.0,0.4166666666666667,0.8333333333333334,0.0,1.0,0.0,1000.0,0,400,0,1000,0.09999999999999999
NF-ToN-IoT-v2_to_CICIoT2023_full_multilevel_no_proto_LogisticRegression_unsupervised_alignment,NF-ToN-IoT-v2,CICIoT2023,full_multilevel_no_proto,LogisticRegression,unsupervised_alignment,0,4200,1400,0.37353875000000003,0.5984292468373007,0.18142857142857144,0.1588785046728972,0.034,0.16672033505695427,0.05601317957166392,0.27742749054224464,0.45,0.966,450.0,220,180,966,34,0.09999999999999999
NF-ToN-IoT-v2_to_CICIoT2023_full_multilevel_no_proto_LogisticRegression_limited_label_5pct,NF-ToN-IoT-v2,CICIoT2023,full_multilevel_no_proto,LogisticRegression,limited_label_5pct,210,4200,1400,0.589835,0.7451336969576118,0.5792857142857143,0.7874125874125875,0.563,0.5568513119533528,0.6565597667638484,0.45714285714285713,0.38,0.437,380.0,248,152,437,563,0.56
NF-ToN-IoT-v2_to_CICIoT2023_full_multilevel_no_proto_RandomForest_zero_shot,NF-ToN-IoT-v2,CICIoT2023,full_multilevel_no_proto,RandomForest,zero_shot,0,4200,1400,0.45407250000000005,0.6355218942219173,0.21785714285714286,0.056074766355140186,0.006,0.18202962301330042,0.01084010840108401,0.3532191376255168,0.2525,0.994,252.5,299,101,994,6,0.7000000000000001
NF-ToN-IoT-v2_to_CICIoT2023_full_multilevel_no_proto_RandomForest_unsupervised_alignment,NF-ToN-IoT-v2,CICIoT2023,full_multilevel_no_proto,RandomForest,unsupervised_alignment,0,4200,1400,0.65416875,0.8198405273787857,0.6628571428571428,0.7953020134228188,0.711,0.6149103361142775,0.750791974656811,0.47902869757174393,0.4575,0.289,457.5,217,183,289,711,0.7000000000000001
NF-ToN-IoT-v2_to_CICIoT2023_full_multilevel_no_proto_RandomForest_limited_label_5pct,NF-ToN-IoT-v2,CICIoT2023,full_multilevel_no_proto,RandomForest,limited_label_5pct,210,4200,1400,0.9950562500000001,0.9982681600442885,0.715,0.7147962830593281,1.0,0.419334115731929,0.8336807002917882,0.004987531172069825,0.9975,0.0,997.5,1,399,0,1000,0.24000000000000002
NF-ToN-IoT-v2_to_CICIoT2023_full_multilevel_no_rates_LogisticRegression_zero_shot,NF-ToN-IoT-v2,CICIoT2023,full_multilevel_no_rates,LogisticRegression,zero_shot,0,4200,1400,0.0875725,0.5157496782731421,0.6307142857142857,0.6882307092751364,0.883,0.3867717915024091,0.7735435830048182,0.0,1.0,0.117,1000.0,0,400,117,883,0.13
NF-ToN-IoT-v2_to_CICIoT2023_full_multilevel_no_rates_LogisticRegression_unsupervised_alignment,NF-ToN-IoT-v2,CICIoT2023,full_multilevel_no_rates,LogisticRegression,unsupervised_alignment,0,4200,1400,0.4343175,0.6240386823758314,0.18642857142857142,0.18552036199095023,0.041,0.17290772262273213,0.06715806715806716,0.2786573780873971,0.45,0.959,450.0,220,180,959,41,0.13
NF-ToN-IoT-v2_to_CICIoT2023_full_multilevel_no_rates_LogisticRegression_limited_label_5pct,NF-ToN-IoT-v2,CICIoT2023,full_multilevel_no_rates,LogisticRegression,limited_label_5pct,210,4200,1400,0.4913425,0.6787051562336417,0.435,0.7257019438444925,0.336,0.4338535534457276,0.45933014354066987,0.4083769633507853,0.3175,0.664,317.5,273,127,664,336,0.68
NF-ToN-IoT-v2_to_CICIoT2023_full_multilevel_no_rates_RandomForest_zero_shot,NF-ToN-IoT-v2,CICIoT2023,full_multilevel_no_rates,RandomForest,zero_shot,0,4200,1400,0.32616875,0.5966999515960975,0.2978571428571429,0.5311355311355311,0.145,0.2920312098899567,0.22780832678711704,0.3562540929927963,0.32,0.855,320.0,272,128,855,145,0.6900000000000001
NF-ToN-IoT-v2_to_CICIoT2023_full_multilevel_no_rates_RandomForest_unsupervised_alignment,NF-ToN-IoT-v2,CICIoT2023,full_multilevel_no_rates,RandomForest,unsupervised_alignment,0,4200,1400,0.6162099999999999,0.7333583014168683,0.7235714285714285,0.770999115826702,0.872,0.6199598916696303,0.8183951196621304,0.42152466367713004,0.6475,0.128,647.5,141,259,128,872,0.6900000000000001
NF-ToN-IoT-v2_to_CICIoT2023_full_multilevel_no_rates_RandomForest_limited_label_5pct,NF-ToN-IoT-v2,CICIoT2023,full_multilevel_no_rates,RandomForest,limited_label_5pct,210,4200,1400,0.98854,0.9959092765921178,0.715,0.7147962830593281,1.0,0.419334115731929,0.8336807002917882,0.004987531172069825,0.9975,0.0,997.5,1,399,0,1000,0.28
NF-ToN-IoT-v2_to_CICIoT2023_semantic_features_only_LogisticRegression_zero_shot,NF-ToN-IoT-v2,CICIoT2023,semantic_features_only,LogisticRegression,zero_shot,0,4200,1400,0.0996725,0.5200152978201582,0.7142857142857143,0.7142857142857143,1.0,0.4166666666666667,0.8333333333333334,0.0,1.0,0.0,1000.0,0,400,0,1000,0.09999999999999999
NF-ToN-IoT-v2_to_CICIoT2023_semantic_features_only_LogisticRegression_unsupervised_alignment,NF-ToN-IoT-v2,CICIoT2023,semantic_features_only,LogisticRegression,unsupervised_alignment,0,4200,1400,0.3580912499999999,0.5932017120360389,0.17714285714285713,0.15454545454545454,0.034,0.16331189043369992,0.05573770491803279,0.2708860759493671,0.465,0.966,465.0,214,186,966,34,0.09999999999999999
NF-ToN-IoT-v2_to_CICIoT2023_semantic_features_only_LogisticRegression_limited_label_5pct,NF-ToN-IoT-v2,CICIoT2023,semantic_features_only,LogisticRegression,limited_label_5pct,210,4200,1400,0.41608,0.6245159646837697,0.5842857142857143,0.7223404255319149,0.679,0.5116279069767442,0.7,0.32325581395348835,0.6525,0.321,652.5,139,261,321,679,0.55
NF-ToN-IoT-v2_to_CICIoT2023_semantic_features_only_RandomForest_zero_shot,NF-ToN-IoT-v2,CICIoT2023,semantic_features_only,RandomForest,zero_shot,0,4200,1400,0.35513625000000004,0.6103892488721888,0.2814285714285714,0.48404255319148937,0.091,0.2645645871452323,0.1531986531986532,0.3759305210918114,0.2425,0.909,242.5,303,97,909,91,0.73
NF-ToN-IoT-v2_to_CICIoT2023_semantic_features_only_RandomForest_unsupervised_alignment,NF-ToN-IoT-v2,CICIoT2023,semantic_features_only,RandomForest,unsupervised_alignment,0,4200,1400,0.7049575,0.7977379165245153,0.77,0.8144712430426716,0.878,0.6995299656872286,0.8450433108758422,0.554016620498615,0.5,0.122,500.0,200,200,122,878,0.73
NF-ToN-IoT-v2_to_CICIoT2023_semantic_features_only_RandomForest_limited_label_5pct,NF-ToN-IoT-v2,CICIoT2023,semantic_features_only,RandomForest,limited_label_5pct,210,4200,1400,0.9836125000000001,0.9945398271255049,0.7142857142857143,0.7142857142857143,1.0,0.4166666666666667,0.8333333333333334,0.0,1.0,0.0,1000.0,0,400,0,1000,0.26
CICIoT2023_to_ToN-IoT_full_multilevel_LogisticRegression_zero_shot,CICIoT2023,ToN-IoT,full_multilevel,LogisticRegression,zero_shot,0,4200,1400,0.038045,0.5062491389871993,0.1,0.2410358565737052,0.121,0.09519715879597619,0.1611185086551265,0.029275808936825885,0.9525,0.879,952.5,19,381,879,121,0.99
CICIoT2023_to_ToN-IoT_full_multilevel_LogisticRegression_unsupervised_alignment,CICIoT2023,ToN-IoT,full_multilevel,LogisticRegression,unsupervised_alignment,0,4200,1400,0.15510749999999998,0.6282955841321298,0.5678571428571428,0.6675148430873622,0.787,0.37405729851406966,0.7223497016980266,0.02576489533011272,0.98,0.213,980.0,8,392,213,787,0.99
CICIoT2023_to_ToN-IoT_full_multilevel_LogisticRegression_limited_label_5pct,CICIoT2023,ToN-IoT,full_multilevel,LogisticRegression,limited_label_5pct,210,4200,1400,0.9124675,0.8855033528655603,0.96,0.946969696969697,1.0,0.9487469143550479,0.9727626459143969,0.9247311827956989,0.14,0.0,140.0,344,56,0,1000,0.52
CICIoT2023_to_ToN-IoT_full_multilevel_RandomForest_zero_shot,CICIoT2023,ToN-IoT,full_multilevel,RandomForest,zero_shot,0,4200,1400,0.63714,0.48719203770470326,0.28285714285714286,0.0,0.0,0.22048997772828507,0.0,0.44097995545657015,0.01,1.0,10.0,396,4,1000,0,0.88
CICIoT2023_to_ToN-IoT_full_multilevel_RandomForest_unsupervised_alignment,CICIoT2023,ToN-IoT,full_multilevel,RandomForest,unsupervised_alignment,0,4200,1400,0.919345,0.6918331263103628,0.9,0.9809843400447428,0.877,0.8857784895254213,0.9260823653643083,0.8454746136865342,0.0425,0.123,42.5,383,17,123,877,0.88
CICIoT2023_to_ToN-IoT_full_multilevel_RandomForest_limited_label_5pct,CICIoT2023,ToN-IoT,full_multilevel,RandomForest,limited_label_5pct,210,4200,1400,0.9997675,0.9999059735727875,0.9442857142857143,0.9276437847866419,1.0,0.9272153333031175,0.9624639076034649,0.8919667590027701,0.195,0.0,195.0,322,78,0,1000,0.23
CICIoT2023_to_ToN-IoT_full_multilevel_no_proto_LogisticRegression_zero_shot,CICIoT2023,ToN-IoT,full_multilevel_no_proto,LogisticRegression,zero_shot,0,4200,1400,0.043327500000000005,0.5073073870679778,0.04,0.07,0.028,0.04,0.04,0.04,0.93,0.972,930.0,28,372,972,28,0.99
CICIoT2023_to_ToN-IoT_full_multilevel_no_proto_LogisticRegression_unsupervised_alignment,CICIoT2023,ToN-IoT,full_multilevel_no_proto,LogisticRegression,unsupervised_alignment,0,4200,1400,0.1525225,0.6279825181924169,0.44785714285714284,0.6118226600985222,0.621,0.31583189770985126,0.6163771712158809,0.015286624203821656,0.985,0.379,985.0,6,394,379,621,0.99
CICIoT2023_to_ToN-IoT_full_multilevel_no_proto_LogisticRegression_limited_label_5pct,CICIoT2023,ToN-IoT,full_multilevel_no_proto,LogisticRegression,limited_label_5pct,210,4200,1400,0.9168974999999999,0.8900727473901422,0.9614285714285714,0.9487666034155597,1.0,0.9506618877440474,0.9737098344693281,0.9276139410187667,0.135,0.0,135.0,346,54,0,1000,0.49
CICIoT2023_to_ToN-IoT_full_multilevel_no_proto_RandomForest_zero_shot,CICIoT2023,ToN-IoT,full_multilevel_no_proto,RandomForest,zero_shot,0,4200,1400,0.61458,0.46421500534487536,0.28285714285714286,0.0,0.0,0.22048997772828507,0.0,0.44097995545657015,0.01,1.0,10.0,396,4,1000,0,0.92
CICIoT2023_to_ToN-IoT_full_multilevel_no_proto_RandomForest_unsupervised_alignment,CICIoT2023,ToN-IoT,full_multilevel_no_proto,RandomForest,unsupervised_alignment,0,4200,1400,0.9142987499999999,0.959508251044102,0.8964285714285715,0.9808773903262092,0.872,0.8820370287510046,0.9232398094229751,0.8408342480790341,0.0425,0.128,42.5,383,17,128,872,0.92
CICIoT2023_to_ToN-IoT_full_multilevel_no_proto_RandomForest_limited_label_5pct,CICIoT2023,ToN-IoT,full_multilevel_no_proto,RandomForest,limited_label_5pct,210,4200,1400,0.9998037500000001,0.9999212820373778,0.9421428571428572,0.9250693802035153,1.0,0.9242099691292633,0.9610764055742431,0.8873435326842837,0.2025,0.0,202.5,319,81,0,1000,0.21000000000000002
CICIoT2023_to_ToN-IoT_full_multilevel_no_rates_LogisticRegression_zero_shot,CICIoT2023,ToN-IoT,full_multilevel_no_rates,LogisticRegression,zero_shot,0,4200,1400,0.022042500000000007,0.5026576212452755,0.08142857142857143,0.20208333333333334,0.097,0.07841932841932842,0.13108108108108107,0.025757575757575757,0.9575,0.903,957.5,17,383,903,97,0.99
CICIoT2023_to_ToN-IoT_full_multilevel_no_rates_LogisticRegression_unsupervised_alignment,CICIoT2023,ToN-IoT,full_multilevel_no_rates,LogisticRegression,unsupervised_alignment,0,4200,1400,0.15010249999999997,0.6270737713427378,0.5314285714285715,0.6516754850088183,0.739,0.35380553937254966,0.6925960637300843,0.015015015015015015,0.9875,0.261,987.5,5,395,261,739,0.99
CICIoT2023_to_ToN-IoT_full_multilevel_no_rates_LogisticRegression_limited_label_5pct,CICIoT2023,ToN-IoT,full_multilevel_no_rates,LogisticRegression,limited_label_5pct,210,4200,1400,0.9110925,0.8826323355207772,0.9614285714285714,0.9487666034155597,1.0,0.9506618877440474,0.9737098344693281,0.9276139410187667,0.135,0.0,135.0,346,54,0,1000,0.53
CICIoT2023_to_ToN-IoT_full_multilevel_no_rates_RandomForest_zero_shot,CICIoT2023,ToN-IoT,full_multilevel_no_rates,RandomForest,zero_shot,0,4200,1400,0.09194875000000002,0.38676654928549026,0.27785714285714286,0.0,0.0,0.21743991056456122,0.0,0.43487982112912243,0.0275,1.0,27.5,389,11,1000,0,0.89
CICIoT2023_to_ToN-IoT_full_multilevel_no_rates_RandomForest_unsupervised_alignment,CICIoT2023,ToN-IoT,full_multilevel_no_rates,RandomForest,unsupervised_alignment,0,4200,1400,0.9142837500000001,0.7175543073937303,0.8278571428571428,0.8695228821811101,0.893,0.7846663828738932,0.8811050814010853,0.6882276843467011,0.335,0.107,335.0,266,134,107,893,0.89
CICIoT2023_to_ToN-IoT_full_multilevel_no_rates_RandomForest_limited_label_5pct,CICIoT2023,ToN-IoT,full_multilevel_no_rates,RandomForest,limited_label_5pct,210,4200,1400,0.999815,0.9999260877159697,0.9421428571428572,0.9250693802035153,1.0,0.9242099691292633,0.9610764055742431,0.8873435326842837,0.2025,0.0,202.5,319,81,0,1000,0.15000000000000002
CICIoT2023_to_ToN-IoT_semantic_features_only_LogisticRegression_zero_shot,CICIoT2023,ToN-IoT,semantic_features_only,LogisticRegression,zero_shot,0,4200,1400,0.02859499999999998,0.5040805274144735,0.05714285714285714,0.13636363636363635,0.06,0.05637254901960784,0.08333333333333333,0.029411764705882353,0.95,0.94,950.0,20,380,940,60,0.99
CICIoT2023_to_ToN-IoT_semantic_features_only_LogisticRegression_unsupervised_alignment,CICIoT2023,ToN-IoT,semantic_features_only,LogisticRegression,unsupervised_alignment,0,4200,1400,0.15054499999999998,0.627185392807134,0.3921428571428571,0.5793397231096912,0.544,0.2863641890673677,0.5611139762764311,0.011614401858304297,0.9875,0.456,987.5,5,395,456,544,0.99
CICIoT2023_to_ToN-IoT_semantic_features_only_LogisticRegression_limited_label_5pct,CICIoT2023,ToN-IoT,semantic_features_only,LogisticRegression,limited_label_5pct,210,4200,1400,0.91142,0.8835061454027593,0.9614285714285714,0.9487666034155597,1.0,0.9506618877440474,0.9737098344693281,0.9276139410187667,0.135,0.0,135.0,346,54,0,1000,0.53
CICIoT2023_to_ToN-IoT_semantic_features_only_RandomForest_zero_shot,CICIoT2023,ToN-IoT,semantic_features_only,RandomForest,zero_shot,0,4200,1400,0.20007249999999996,0.3893375011754352,0.275,0.058823529411764705,0.001,0.21635064255386968,0.0019665683382497543,0.4307347167694896,0.04,0.999,40.0,384,16,999,1,0.86
CICIoT2023_to_ToN-IoT_semantic_features_only_RandomForest_unsupervised_alignment,CICIoT2023,ToN-IoT,semantic_features_only,RandomForest,unsupervised_alignment,0,4200,1400,0.8388825,0.6938125660613007,0.835,0.8700673724735323,0.904,0.7915806039780136,0.8867091711623345,0.6964520367936925,0.3375,0.096,337.5,265,135,96,904,0.86
CICIoT2023_to_ToN-IoT_semantic_features_only_RandomForest_limited_label_5pct,CICIoT2023,ToN-IoT,semantic_features_only,RandomForest,limited_label_5pct,210,4200,1400,0.99962,0.9998469052876766,0.9514285714285714,0.9363295880149812,1.0,0.937110906765598,0.9671179883945842,0.907103825136612,0.17,0.0,170.0,332,68,0,1000,0.14
CICIoT2023_to_Edge-IIoTset_full_multilevel_LogisticRegression_zero_shot,CICIoT2023,Edge-IIoTset,full_multilevel,LogisticRegression,zero_shot,0,4200,1400,0.598505,0.740960797002044,0.69,0.7105654761904762,0.955,0.43154601520867014,0.8148464163822525,0.04824561403508772,0.9725,0.045,972.5,11,389,45,955,0.99
CICIoT2023_to_Edge-IIoTset_full_multilevel_LogisticRegression_unsupervised_alignment,CICIoT2023,Edge-IIoTset,full_multilevel,LogisticRegression,unsupervised_alignment,0,4200,1400,0.460085,0.6925466163488703,0.4257142857142857,0.6243654822335025,0.492,0.37793458365387167,0.5503355704697986,0.20553359683794467,0.74,0.508,740.0,104,296,508,492,0.99
CICIoT2023_to_Edge-IIoTset_full_multilevel_LogisticRegression_limited_label_5pct,CICIoT2023,Edge-IIoTset,full_multilevel,LogisticRegression,limited_label_5pct,210,4200,1400,0.992855,0.9903636502500613,0.9807142857142858,0.9737098344693281,1.0,0.975875486877988,0.986679822397632,0.9650711513583441,0.0675,0.0,67.5,373,27,0,1000,0.2
CICIoT2023_to_Edge-IIoTset_full_multilevel_RandomForest_zero_shot,CICIoT2023,Edge-IIoTset,full_multilevel,RandomForest,zero_shot,0,4200,1400,0.30251249999999996,0.603239818392388,0.2842857142857143,0.25,0.001,0.22204278653759127,0.00199203187250996,0.4420935412026726,0.0075,0.999,7.5,397,3,999,1,0.88
CICIoT2023_to_Edge-IIoTset_full_multilevel_RandomForest_unsupervised_alignment,CICIoT2023,Edge-IIoTset,full_multilevel,RandomForest,unsupervised_alignment,0,4200,1400,0.46083375000000004,0.7300287217681822,0.4092857142857143,0.6167341430499326,0.457,0.3720301195572644,0.5249856404365307,0.2190745986779981,0.71,0.543,710.0,116,284,543,457,0.88
CICIoT2023_to_Edge-IIoTset_full_multilevel_RandomForest_limited_label_5pct,CICIoT2023,Edge-IIoTset,full_multilevel,RandomForest,limited_label_5pct,210,4200,1400,0.98795875,0.9852581899310622,0.9492857142857143,0.9337068160597572,1.0,0.93416167745978,0.9657170449058425,0.9026063100137174,0.1775,0.0,177.5,329,71,0,1000,0.12
CICIoT2023_to_Edge-IIoTset_full_multilevel_no_proto_LogisticRegression_zero_shot,CICIoT2023,Edge-IIoTset,full_multilevel_no_proto,LogisticRegression,zero_shot,0,4200,1400,0.6270425,0.7583943364372758,0.6714285714285714,0.7054794520547946,0.927,0.42735398415797915,0.801210025929127,0.053497942386831275,0.9675,0.073,967.5,13,387,73,927,0.99
CICIoT2023_to_Edge-IIoTset_full_multilevel_no_proto_LogisticRegression_unsupervised_alignment,CICIoT2023,Edge-IIoTset,full_multilevel_no_proto,LogisticRegression,unsupervised_alignment,0,4200,1400,0.4577675,0.6909957197425449,0.41714285714285715,0.626027397260274,0.457,0.3828534384960294,0.5283236994219653,0.23738317757009345,0.6825,0.543,682.5,127,273,543,457,0.99
CICIoT2023_to_Edge-IIoTset_full_multilevel_no_proto_LogisticRegression_limited_label_5pct,CICIoT2023,Edge-IIoTset,full_multilevel_no_proto,LogisticRegression,limited_label_5pct,210,4200,1400,0.9910074999999999,0.9872475056824365,0.9814285714285714,0.9746588693957114,1.0,0.976787549964161,0.9871668311944719,0.9664082687338501,0.065,0.0,65.0,374,26,0,1000,0.22
CICIoT2023_to_Edge-IIoTset_full_multilevel_no_proto_RandomForest_zero_shot,CICIoT2023,Edge-IIoTset,full_multilevel_no_proto,RandomForest,zero_shot,0,4200,1400,0.25950999999999996,0.5885005935979246,0.285,0.3333333333333333,0.001,0.22247725382561276,0.0019940179461615153,0.442960489705064,0.005,0.999,5.0,398,2,999,1,0.92
CICIoT2023_to_Edge-IIoTset_full_multilevel_no_proto_RandomForest_unsupervised_alignment,CICIoT2023,Edge-IIoTset,full_multilevel_no_proto,RandomForest,unsupervised_alignment,0,4200,1400,0.42487874999999997,0.7159246106180022,0.4092857142857143,0.6167341430499326,0.457,0.3720301195572644,0.5249856404365307,0.2190745986779981,0.71,0.543,710.0,116,284,543,457,0.92
CICIoT2023_to_Edge-IIoTset_full_multilevel_no_proto_RandomForest_limited_label_5pct,CICIoT2023,Edge-IIoTset,full_multilevel_no_proto,RandomForest,limited_label_5pct,210,4200,1400,0.9951725,0.9922155270753055,0.9521428571428572,0.9372071227741331,1.0,0.9380903445358129,0.9675858732462506,0.9085948158253752,0.1675,0.0,167.5,333,67,0,1000,0.11
CICIoT2023_to_Edge-IIoTset_full_multilevel_no_rates_LogisticRegression_zero_shot,CICIoT2023,Edge-IIoTset,full_multilevel_no_rates,LogisticRegression,zero_shot,0,4200,1400,0.7328574999999999,0.8490813837221172,0.6464285714285715,0.7171109200343938,0.834,0.49703555806191035,0.7711511789181692,0.22291993720565148,0.8225,0.166,822.5,71,329,166,834,0.99
CICIoT2023_to_Edge-IIoTset_full_multilevel_no_rates_LogisticRegression_unsupervised_alignment,CICIoT2023,Edge-IIoTset,full_multilevel_no_rates,LogisticRegression,unsupervised_alignment,0,4200,1400,0.6898325,0.8342226100988398,0.62,0.722011385199241,0.761,0.5139282274043193,0.7409931840311588,0.2868632707774799,0.7325,0.239,732.5,107,293,239,761,0.99
CICIoT2023_to_Edge-IIoTset_full_multilevel_no_rates_LogisticRegression_limited_label_5pct,CICIoT2023,Edge-IIoTset,full_multilevel_no_rates,LogisticRegression,limited_label_5pct,210,4200,1400,0.9953125,0.997568672333114,0.9842857142857143,0.9784735812133072,1.0,0.9804210242601309,0.9891196834817013,0.9717223650385605,0.055,0.0,55.0,378,22,0,1000,0.14
CICIoT2023_to_Edge-IIoTset_full_multilevel_no_rates_RandomForest_zero_shot,CICIoT2023,Edge-IIoTset,full_multilevel_no_rates,RandomForest,zero_shot,0,4200,1400,0.46137249999999996,0.687062674126598,0.2857142857142857,0.5,0.006,0.2262867955893926,0.011857707509881422,0.4407158836689038,0.015,0.994,15.0,394,6,994,6,0.89
CICIoT2023_to_Edge-IIoTset_full_multilevel_no_rates_RandomForest_unsupervised_alignment,CICIoT2023,Edge-IIoTset,full_multilevel_no_rates,RandomForest,unsupervised_alignment,0,4200,1400,0.7580525000000001,0.9176260599506099,0.6807142857142857,0.704360679970436,0.953,0.4050148746281343,0.8100297492562686,0.0,1.0,0.047,1000.0,0,400,47,953,0.89
CICIoT2023_to_Edge-IIoTset_full_multilevel_no_rates_RandomForest_limited_label_5pct,CICIoT2023,Edge-IIoTset,full_multilevel_no_rates,RandomForest,limited_label_5pct,210,4200,1400,0.9866775,0.9811541771196699,0.9507142857142857,0.9354536950420954,1.0,0.9361296554770142,0.9666505558240696,0.905608755129959,0.1725,0.0,172.5,331,69,0,1000,0.09999999999999999
CICIoT2023_to_Edge-IIoTset_semantic_features_only_LogisticRegression_zero_shot,CICIoT2023,Edge-IIoTset,semantic_features_only,LogisticRegression,zero_shot,0,4200,1400,0.732105,0.8487152718328165,0.6464285714285715,0.7171109200343938,0.834,0.49703555806191035,0.7711511789181692,0.22291993720565148,0.8225,0.166,822.5,71,329,166,834,0.99
CICIoT2023_to_Edge-IIoTset_semantic_features_only_LogisticRegression_unsupervised_alignment,CICIoT2023,Edge-IIoTset,semantic_features_only,LogisticRegression,unsupervised_alignment,0,4200,1400,0.694195,0.8364796212867982,0.6571428571428571,0.7605210420841684,0.759,0.5806280095556904,0.7597597597597597,0.4014962593516209,0.5975,0.241,597.5,161,239,241,759,0.99
CICIoT2023_to_Edge-IIoTset_semantic_features_only_LogisticRegression_limited_label_5pct,CICIoT2023,Edge-IIoTset,semantic_features_only,LogisticRegression,limited_label_5pct,210,4200,1400,0.994335,0.9968398029056691,0.985,0.9794319294809011,1.0,0.981325733203164,0.9896091044037605,0.9730423620025674,0.0525,0.0,52.5,379,21,0,1000,0.15000000000000002
CICIoT2023_to_Edge-IIoTset_semantic_features_only_RandomForest_zero_shot,CICIoT2023,Edge-IIoTset,semantic_features_only,RandomForest,zero_shot,0,4200,1400,0.68928625,0.8547626846718802,0.2857142857142857,0.5,0.006,0.2262867955893926,0.011857707509881422,0.4407158836689038,0.015,0.994,15.0,394,6,994,6,0.86
CICIoT2023_to_Edge-IIoTset_semantic_features_only_RandomForest_unsupervised_alignment,CICIoT2023,Edge-IIoTset,semantic_features_only,RandomForest,unsupervised_alignment,0,4200,1400,0.7176825,0.9043622440843229,0.6807142857142857,0.704360679970436,0.953,0.4050148746281343,0.8100297492562686,0.0,1.0,0.047,1000.0,0,400,47,953,0.86
CICIoT2023_to_Edge-IIoTset_semantic_features_only_RandomForest_limited_label_5pct,CICIoT2023,Edge-IIoTset,semantic_features_only,RandomForest,limited_label_5pct,210,4200,1400,0.995265,0.9915490606007653,0.9478571428571428,0.9319664492078286,1.0,0.9321863402586872,0.964785335262904,0.8995873452544704,0.1825,0.0,182.5,327,73,0,1000,0.09999999999999999
CICIoT2023_to_NF-ToN-IoT-v2_full_multilevel_LogisticRegression_zero_shot,CICIoT2023,NF-ToN-IoT-v2,full_multilevel,LogisticRegression,zero_shot,0,4200,1400,0.25169874999999997,0.5760155746753368,0.6485714285714286,0.6959876543209876,0.902,0.40476190476190477,0.7857142857142857,0.023809523809523808,0.985,0.098,985.0,6,394,98,902,0.99
CICIoT2023_to_NF-ToN-IoT-v2_full_multilevel_LogisticRegression_unsupervised_alignment,CICIoT2023,NF-ToN-IoT-v2,full_multilevel,LogisticRegression,unsupervised_alignment,0,4200,1400,0.22065875000000001,0.5520571848088284,0.6635714285714286,0.71417004048583,0.882,0.47781671319118607,0.789261744966443,0.1663716814159292,0.8825,0.118,882.5,47,353,118,882,0.99
CICIoT2023_to_NF-ToN-IoT-v2_full_multilevel_LogisticRegression_limited_label_5pct,CICIoT2023,NF-ToN-IoT-v2,full_multilevel,LogisticRegression,limited_label_5pct,210,4200,1400,0.53582125,0.7525734443704477,0.5657142857142857,0.796969696969697,0.526,0.5502008032128514,0.6337349397590362,0.4666666666666667,0.335,0.474,335.0,266,134,474,526,0.54
CICIoT2023_to_NF-ToN-IoT-v2_full_multilevel_RandomForest_zero_shot,CICIoT2023,NF-ToN-IoT-v2,full_multilevel,RandomForest,zero_shot,0,4200,1400,0.46885250000000006,0.6635746699394272,0.6621428571428571,0.7086302454473475,0.895,0.4550830253671935,0.7909854175872735,0.1191806331471136,0.92,0.105,920.0,32,368,105,895,0.88
CICIoT2023_to_NF-ToN-IoT-v2_full_multilevel_RandomForest_unsupervised_alignment,CICIoT2023,NF-ToN-IoT-v2,full_multilevel,RandomForest,unsupervised_alignment,0,4200,1400,0.5279,0.7121261530351797,0.6328571428571429,0.7087628865979382,0.825,0.4771503970053128,0.7624768946395564,0.1918238993710692,0.8475,0.175,847.5,61,339,175,825,0.88
CICIoT2023_to_NF-ToN-IoT-v2_full_multilevel_RandomForest_limited_label_5pct,CICIoT2023,NF-ToN-IoT-v2,full_multilevel,RandomForest,limited_label_5pct,210,4200,1400,0.9867487500000001,0.9922729418788148,0.975,0.9716520039100685,0.994,0.9688269584463356,0.9826989619377162,0.954954954954955,0.0725,0.006,72.5,371,29,6,994,0.52
CICIoT2023_to_NF-ToN-IoT-v2_full_multilevel_no_proto_LogisticRegression_zero_shot,CICIoT2023,NF-ToN-IoT-v2,full_multilevel_no_proto,LogisticRegression,zero_shot,0,4200,1400,0.21540874999999998,0.5699704605228391,0.6478571428571429,0.6957528957528958,0.901,0.4044737807114045,0.7851851851851852,0.023762376237623763,0.985,0.099,985.0,6,394,99,901,0.99
CICIoT2023_to_NF-ToN-IoT-v2_full_multilevel_no_proto_LogisticRegression_unsupervised_alignment,CICIoT2023,NF-ToN-IoT-v2,full_multilevel_no_proto,LogisticRegression,unsupervised_alignment,0,4200,1400,0.22417375,0.5525884942132344,0.16714285714285715,0.34099616858237547,0.178,0.16076984611714673,0.23390275952693823,0.08763693270735524,0.86,0.822,860.0,56,344,822,178,0.99
CICIoT2023_to_NF-ToN-IoT-v2_full_multilevel_no_proto_LogisticRegression_limited_label_5pct,CICIoT2023,NF-ToN-IoT-v2,full_multilevel_no_proto,LogisticRegression,limited_label_5pct,210,4200,1400,0.5240812499999999,0.7468999139083488,0.5657142857142857,0.796969696969697,0.526,0.5502008032128514,0.6337349397590362,0.4666666666666667,0.335,0.474,335.0,266,134,474,526,0.54
CICIoT2023_to_NF-ToN-IoT-v2_full_multilevel_no_proto_RandomForest_zero_shot,CICIoT2023,NF-ToN-IoT-v2,full_multilevel_no_proto,RandomForest,zero_shot,0,4200,1400,0.47420624999999994,0.6269296338784708,0.28285714285714286,0.3333333333333333,0.004,0.2231919427717502,0.007905138339920948,0.43847874720357943,0.02,0.996,20.0,392,8,996,4,0.92
CICIoT2023_to_NF-ToN-IoT-v2_full_multilevel_no_proto_RandomForest_unsupervised_alignment,CICIoT2023,NF-ToN-IoT-v2,full_multilevel_no_proto,RandomForest,unsupervised_alignment,0,4200,1400,0.5578249999999999,0.7469425868448852,0.6328571428571429,0.7087628865979382,0.825,0.4771503970053128,0.7624768946395564,0.1918238993710692,0.8475,0.175,847.5,61,339,175,825,0.92
CICIoT2023_to_NF-ToN-IoT-v2_full_multilevel_no_proto_RandomForest_limited_label_5pct,CICIoT2023,NF-ToN-IoT-v2,full_multilevel_no_proto,RandomForest,limited_label_5pct,210,4200,1400,0.9905375000000001,0.9950319675614305,0.9742857142857143,0.9716242661448141,0.993,0.9679616760620323,0.9821958456973294,0.9537275064267352,0.0725,0.007,72.5,371,29,7,993,0.54
CICIoT2023_to_NF-ToN-IoT-v2_full_multilevel_no_rates_LogisticRegression_zero_shot,CICIoT2023,NF-ToN-IoT-v2,full_multilevel_no_rates,LogisticRegression,zero_shot,0,4200,1400,0.18725124999999998,0.5663753824935126,0.31214285714285717,0.5562310030395137,0.183,0.3103691688674801,0.27539503386004516,0.345343303874915,0.365,0.817,365.0,254,146,817,183,0.99
CICIoT2023_to_NF-ToN-IoT-v2_full_multilevel_no_rates_LogisticRegression_unsupervised_alignment,CICIoT2023,NF-ToN-IoT-v2,full_multilevel_no_rates,LogisticRegression,unsupervised_alignment,0,4200,1400,0.20201125000000003,0.5425196702241034,0.47285714285714286,0.6353305785123967,0.615,0.36899038461538464,0.625,0.11298076923076923,0.8825,0.385,882.5,47,353,385,615,0.99
CICIoT2023_to_NF-ToN-IoT-v2_full_multilevel_no_rates_LogisticRegression_limited_label_5pct,CICIoT2023,NF-ToN-IoT-v2,full_multilevel_no_rates,LogisticRegression,limited_label_5pct,210,4200,1400,0.51029875,0.7349734612003472,0.4107142857142857,0.7160493827160493,0.29,0.4107067692189952,0.4128113879003559,0.40860215053763443,0.2875,0.71,287.5,285,115,710,290,0.63
CICIoT2023_to_NF-ToN-IoT-v2_full_multilevel_no_rates_RandomForest_zero_shot,CICIoT2023,NF-ToN-IoT-v2,full_multilevel_no_rates,RandomForest,zero_shot,0,4200,1400,0.44229624999999995,0.6729804983431846,0.27714285714285714,0.2692307692307692,0.007,0.22159149596401123,0.01364522417153996,0.4295377677564825,0.0475,0.993,47.5,381,19,993,7,0.89
CICIoT2023_to_NF-ToN-IoT-v2_full_multilevel_no_rates_RandomForest_unsupervised_alignment,CICIoT2023,NF-ToN-IoT-v2,full_multilevel_no_rates,RandomForest,unsupervised_alignment,0,4200,1400,0.47268250000000006,0.6907068271309311,0.6328571428571429,0.7087628865979382,0.825,0.4771503970053128,0.7624768946395564,0.1918238993710692,0.8475,0.175,847.5,61,339,175,825,0.89
CICIoT2023_to_NF-ToN-IoT-v2_full_multilevel_no_rates_RandomForest_limited_label_5pct,CICIoT2023,NF-ToN-IoT-v2,full_multilevel_no_rates,RandomForest,limited_label_5pct,210,4200,1400,0.98454625,0.991195648048173,0.9757142857142858,0.9744597249508841,0.992,0.9698366872064463,0.9831516352824579,0.9565217391304348,0.065,0.008,65.0,374,26,8,992,0.55
CICIoT2023_to_NF-ToN-IoT-v2_semantic_features_only_LogisticRegression_zero_shot,CICIoT2023,NF-ToN-IoT-v2,semantic_features_only,LogisticRegression,zero_shot,0,4200,1400,0.18790374999999998,0.5686360040895339,0.3107142857142857,0.552870090634441,0.183,0.3090358774553904,0.2749812171299775,0.3430905377808033,0.37,0.817,370.0,252,148,817,183,0.99
CICIoT2023_to_NF-ToN-IoT-v2_semantic_features_only_LogisticRegression_unsupervised_alignment,CICIoT2023,NF-ToN-IoT-v2,semantic_features_only,LogisticRegression,unsupervised_alignment,0,4200,1400,0.20498625,0.5431851798060827,0.16214285714285714,0.3300589390962672,0.168,0.15703301492362634,0.22266401590457258,0.09140201394268009,0.8525,0.832,852.5,59,341,832,168,0.99
CICIoT2023_to_NF-ToN-IoT-v2_semantic_features_only_LogisticRegression_limited_label_5pct,CICIoT2023,NF-ToN-IoT-v2,semantic_features_only,LogisticRegression,limited_label_5pct,210,4200,1400,0.5110137499999999,0.7408894317831598,0.41214285714285714,0.7275064267352185,0.283,0.41210656372153587,0.40748740100791936,0.4167257264351524,0.265,0.717,265.0,294,106,717,283,0.64
CICIoT2023_to_NF-ToN-IoT-v2_semantic_features_only_RandomForest_zero_shot,CICIoT2023,NF-ToN-IoT-v2,semantic_features_only,RandomForest,zero_shot,0,4200,1400,0.4115575,0.6404023212940785,0.2914285714285714,0.5204081632653061,0.102,0.27605734826812567,0.1705685618729097,0.38154613466334164,0.235,0.898,235.0,306,94,898,102,0.86
CICIoT2023_to_NF-ToN-IoT-v2_semantic_features_only_RandomForest_unsupervised_alignment,CICIoT2023,NF-ToN-IoT-v2,semantic_features_only,RandomForest,unsupervised_alignment,0,4200,1400,0.47164375000000003,0.6882170882364732,0.6328571428571429,0.7087628865979382,0.825,0.4771503970053128,0.7624768946395564,0.1918238993710692,0.8475,0.175,847.5,61,339,175,825,0.86
CICIoT2023_to_NF-ToN-IoT-v2_semantic_features_only_RandomForest_limited_label_5pct,CICIoT2023,NF-ToN-IoT-v2,semantic_features_only,RandomForest,limited_label_5pct,210,4200,1400,0.98235875,0.9901426308751612,0.9742857142857143,0.9744094488188977,0.99,0.9681122448979591,0.9821428571428571,0.9540816326530612,0.065,0.01,65.0,374,26,10,990,0.53
