feature,ks_stat_mean,mutual_info_mean,is_stateful
flow_duration,0.5361428571428571,0.1,False
flow_bytes_per_sec,0.7169523809523809,0.1,False
flow_pkts_per_sec,0.6189285714285715,0.1,False
mean_pkt_size,0.8030476190476191,0.1,False
payload_byte_ratio,0.7214999999999999,0.1,False
pkt_count_ratio,0.7095476190476191,0.1,False
tcp_syn_ratio,0.6884761904761905,0.1,False
proto_tcp,0.2556190476190476,0.1,False
proto_udp,0.07492857142857141,0.1,False
proto_icmp,0.05769047619047612,0.1,False
proto_other,0.1421428571428571,0.1,False
temporal_iat_mean,0.5367857142857143,0.1,True
temporal_iat_cv,0.4970238095238096,0.1,True
temporal_flow_rate_ewma,0.6473809523809525,0.1,True
temporal_byte_rate_ewma,0.5645000000000001,0.1,True
temporal_syn_rate_ewma,0.6623571428571429,0.1,True
behavioral_dst_diversity,0.6696666666666667,0.1,True
behavioral_port_entropy,0.5825238095238096,0.1,True
behavioral_fanout_ratio,0.6790238095238097,0.1,True
behavioral_unanswered_ratio,0.6964285714285715,0.1,True
behavioral_src_activity_ewma,0.6812380952380953,0.1,True
